Filename,Original,X,Y,Label,Split
045_HAADF_15nm_Sample_PtNC_20Oct20_324_227.tif,045_HAADF_15nm_Sample_PtNC_20Oct20.tif,324,227,1,train
051_HAADF_15nm_Sample_PtNC_21Oct20_377_194.tif,051_HAADF_15nm_Sample_PtNC_21Oct20.tif,377,194,1,train
027_HAADF_15nm_Sample_PtNC_21Oct20_208_208.tif,027_HAADF_15nm_Sample_PtNC_21Oct20.tif,208,208,1,train
051_HAADF_15nm_Sample_PtNC_21Oct20_467_215.tif,051_HAADF_15nm_Sample_PtNC_21Oct20.tif,467,215,1,train
047_HAADF_15nm_Sample_PtNC_21Oct20_270_480.tif,047_HAADF_15nm_Sample_PtNC_21Oct20.tif,270,480,1,train
038_HAADF_15nm_Sample_PtNC_21Oct20_268_137.tif,038_HAADF_15nm_Sample_PtNC_21Oct20.tif,268,137,1,train
027_HAADF_15nm_Sample_PtNC_21Oct20_174_274.tif,027_HAADF_15nm_Sample_PtNC_21Oct20.tif,174,274,1,train
027_HAADF_15nm_Sample_PtNC_21Oct20_367_245.tif,027_HAADF_15nm_Sample_PtNC_21Oct20.tif,367,245,1,train
025_HAADF_15nm_Sample_PtNC_21Oct20_299_226.tif,025_HAADF_15nm_Sample_PtNC_21Oct20.tif,299,226,1,train
049_HAADF_15nm_Sample_PtNC_20Oct20_350_361.tif,049_HAADF_15nm_Sample_PtNC_20Oct20.tif,350,361,1,train
047_HAADF_15nm_Sample_PtNC_21Oct20_344_266.tif,047_HAADF_15nm_Sample_PtNC_21Oct20.tif,344,266,1,train
048_HAADF_15nm_Sample_PtNC_21Oct20_154_405.tif,048_HAADF_15nm_Sample_PtNC_21Oct20.tif,154,405,1,train
034_HAADF_15nm_Sample_PtNC_20Oct20_345_325.tif,034_HAADF_15nm_Sample_PtNC_20Oct20.tif,345,325,1,train
021_HAADF_15nm_Sample_PtNC_21Oct20_152_351.tif,021_HAADF_15nm_Sample_PtNC_21Oct20.tif,152,351,1,train
025_HAADF_15nm_Sample_PtNC_21Oct20_400_372.tif,025_HAADF_15nm_Sample_PtNC_21Oct20.tif,400,372,1,train
051_HAADF_15nm_Sample_PtNC_21Oct20_423_225.tif,051_HAADF_15nm_Sample_PtNC_21Oct20.tif,423,225,1,train
025_HAADF_15nm_Sample_PtNC_21Oct20_151_44.tif,025_HAADF_15nm_Sample_PtNC_21Oct20.tif,151,44,1,train
034_HAADF_15nm_Sample_PtNC_20Oct20_435_347.tif,034_HAADF_15nm_Sample_PtNC_20Oct20.tif,435,347,1,train
045_HAADF_15nm_Sample_PtNC_20Oct20_315_100.tif,045_HAADF_15nm_Sample_PtNC_20Oct20.tif,315,100,1,train
037_HAADF_15nm_Sample_PtNC_20Oct20_132_336.tif,037_HAADF_15nm_Sample_PtNC_20Oct20.tif,132,336,1,train
051_HAADF_15nm_Sample_PtNC_21Oct20_419_386.tif,051_HAADF_15nm_Sample_PtNC_21Oct20.tif,419,386,1,train
047_HAADF_15nm_Sample_PtNC_21Oct20_325_312.tif,047_HAADF_15nm_Sample_PtNC_21Oct20.tif,325,312,1,train
051_HAADF_15nm_Sample_PtNC_21Oct20_100_320.tif,051_HAADF_15nm_Sample_PtNC_21Oct20.tif,100,320,1,train
047_HAADF_15nm_Sample_PtNC_21Oct20_473_233.tif,047_HAADF_15nm_Sample_PtNC_21Oct20.tif,473,233,1,train
025_HAADF_15nm_Sample_PtNC_21Oct20_102_132.tif,025_HAADF_15nm_Sample_PtNC_21Oct20.tif,102,132,1,train
025_HAADF_15nm_Sample_PtNC_21Oct20_309_390.tif,025_HAADF_15nm_Sample_PtNC_21Oct20.tif,309,390,1,train
034_HAADF_15nm_Sample_PtNC_20Oct20_428_213.tif,034_HAADF_15nm_Sample_PtNC_20Oct20.tif,428,213,1,train
037_HAADF_15nm_Sample_PtNC_20Oct20_40_437.tif,037_HAADF_15nm_Sample_PtNC_20Oct20.tif,40,437,1,train
025_HAADF_15nm_Sample_PtNC_21Oct20_100_381.tif,025_HAADF_15nm_Sample_PtNC_21Oct20.tif,100,381,1,train
025_HAADF_15nm_Sample_PtNC_21Oct20_83_152.tif,025_HAADF_15nm_Sample_PtNC_21Oct20.tif,83,152,1,train
027_HAADF_15nm_Sample_PtNC_21Oct20_64_269.tif,027_HAADF_15nm_Sample_PtNC_21Oct20.tif,64,269,1,train
027_HAADF_15nm_Sample_PtNC_21Oct20_171_77.tif,027_HAADF_15nm_Sample_PtNC_21Oct20.tif,171,77,1,train
038_HAADF_15nm_Sample_PtNC_21Oct20_487_390.tif,038_HAADF_15nm_Sample_PtNC_21Oct20.tif,487,390,1,train
051_HAADF_15nm_Sample_PtNC_21Oct20_197_320.tif,051_HAADF_15nm_Sample_PtNC_21Oct20.tif,197,320,1,train
048_HAADF_15nm_Sample_PtNC_21Oct20_146_240.tif,048_HAADF_15nm_Sample_PtNC_21Oct20.tif,146,240,1,train
051_HAADF_15nm_Sample_PtNC_21Oct20_401_64.tif,051_HAADF_15nm_Sample_PtNC_21Oct20.tif,401,64,1,train
038_HAADF_15nm_Sample_PtNC_21Oct20_106_425.tif,038_HAADF_15nm_Sample_PtNC_21Oct20.tif,106,425,1,train
051_HAADF_15nm_Sample_PtNC_21Oct20_446_325.tif,051_HAADF_15nm_Sample_PtNC_21Oct20.tif,446,325,1,train
038_HAADF_15nm_Sample_PtNC_21Oct20_184_160.tif,038_HAADF_15nm_Sample_PtNC_21Oct20.tif,184,160,1,train
027_HAADF_15nm_Sample_PtNC_21Oct20_240_493.tif,027_HAADF_15nm_Sample_PtNC_21Oct20.tif,240,493,1,train
047_HAADF_15nm_Sample_PtNC_21Oct20_105_341.tif,047_HAADF_15nm_Sample_PtNC_21Oct20.tif,105,341,1,train
051_HAADF_15nm_Sample_PtNC_21Oct20_230_236.tif,051_HAADF_15nm_Sample_PtNC_21Oct20.tif,230,236,1,train
051_HAADF_15nm_Sample_PtNC_21Oct20_265_190.tif,051_HAADF_15nm_Sample_PtNC_21Oct20.tif,265,190,1,train
027_HAADF_15nm_Sample_PtNC_21Oct20_247_157.tif,027_HAADF_15nm_Sample_PtNC_21Oct20.tif,247,157,1,train
038_HAADF_15nm_Sample_PtNC_21Oct20_245_271.tif,038_HAADF_15nm_Sample_PtNC_21Oct20.tif,245,271,1,train
047_HAADF_15nm_Sample_PtNC_21Oct20_220_437.tif,047_HAADF_15nm_Sample_PtNC_21Oct20.tif,220,437,1,train
021_HAADF_15nm_Sample_PtNC_21Oct20_105_346.tif,021_HAADF_15nm_Sample_PtNC_21Oct20.tif,105,346,1,train
048_HAADF_15nm_Sample_PtNC_21Oct20_63_175.tif,048_HAADF_15nm_Sample_PtNC_21Oct20.tif,63,175,1,train
037_HAADF_15nm_Sample_PtNC_20Oct20_449_294.tif,037_HAADF_15nm_Sample_PtNC_20Oct20.tif,449,294,1,train
051_HAADF_15nm_Sample_PtNC_21Oct20_36_187.tif,051_HAADF_15nm_Sample_PtNC_21Oct20.tif,36,187,1,train
048_HAADF_15nm_Sample_PtNC_21Oct20_306_407.tif,048_HAADF_15nm_Sample_PtNC_21Oct20.tif,306,407,1,train
038_HAADF_15nm_Sample_PtNC_21Oct20_169_130.tif,038_HAADF_15nm_Sample_PtNC_21Oct20.tif,169,130,1,train
047_HAADF_15nm_Sample_PtNC_21Oct20_220_207.tif,047_HAADF_15nm_Sample_PtNC_21Oct20.tif,220,207,1,train
047_HAADF_15nm_Sample_PtNC_21Oct20_374_433.tif,047_HAADF_15nm_Sample_PtNC_21Oct20.tif,374,433,1,train
049_HAADF_15nm_Sample_PtNC_20Oct20_311_115.tif,049_HAADF_15nm_Sample_PtNC_20Oct20.tif,311,115,1,train
025_HAADF_15nm_Sample_PtNC_21Oct20_67_486.tif,025_HAADF_15nm_Sample_PtNC_21Oct20.tif,67,486,1,train
047_HAADF_15nm_Sample_PtNC_21Oct20_207_422.tif,047_HAADF_15nm_Sample_PtNC_21Oct20.tif,207,422,1,train
051_HAADF_15nm_Sample_PtNC_21Oct20_431_40.tif,051_HAADF_15nm_Sample_PtNC_21Oct20.tif,431,40,1,train
038_HAADF_15nm_Sample_PtNC_21Oct20_446_380.tif,038_HAADF_15nm_Sample_PtNC_21Oct20.tif,446,380,1,train
027_HAADF_15nm_Sample_PtNC_21Oct20_110_23.tif,027_HAADF_15nm_Sample_PtNC_21Oct20.tif,110,23,1,train
049_HAADF_15nm_Sample_PtNC_20Oct20_171_130.tif,049_HAADF_15nm_Sample_PtNC_20Oct20.tif,171,130,1,train
025_HAADF_15nm_Sample_PtNC_21Oct20_156_451.tif,025_HAADF_15nm_Sample_PtNC_21Oct20.tif,156,451,1,train
034_HAADF_15nm_Sample_PtNC_20Oct20_369_434.tif,034_HAADF_15nm_Sample_PtNC_20Oct20.tif,369,434,1,train
049_HAADF_15nm_Sample_PtNC_20Oct20_9_342.tif,049_HAADF_15nm_Sample_PtNC_20Oct20.tif,9,342,1,train
037_HAADF_15nm_Sample_PtNC_20Oct20_261_455.tif,037_HAADF_15nm_Sample_PtNC_20Oct20.tif,261,455,1,train
048_HAADF_15nm_Sample_PtNC_21Oct20_271_387.tif,048_HAADF_15nm_Sample_PtNC_21Oct20.tif,271,387,1,train
025_HAADF_15nm_Sample_PtNC_21Oct20_207_115.tif,025_HAADF_15nm_Sample_PtNC_21Oct20.tif,207,115,1,train
027_HAADF_15nm_Sample_PtNC_21Oct20_364_127.tif,027_HAADF_15nm_Sample_PtNC_21Oct20.tif,364,127,1,train
051_HAADF_15nm_Sample_PtNC_21Oct20_216_221.tif,051_HAADF_15nm_Sample_PtNC_21Oct20.tif,216,221,1,train
021_HAADF_15nm_Sample_PtNC_21Oct20_326_461.tif,021_HAADF_15nm_Sample_PtNC_21Oct20.tif,326,461,1,train
048_HAADF_15nm_Sample_PtNC_21Oct20_368_417.tif,048_HAADF_15nm_Sample_PtNC_21Oct20.tif,368,417,1,train
048_HAADF_15nm_Sample_PtNC_21Oct20_130_206.tif,048_HAADF_15nm_Sample_PtNC_21Oct20.tif,130,206,1,train
051_HAADF_15nm_Sample_PtNC_21Oct20_333_252.tif,051_HAADF_15nm_Sample_PtNC_21Oct20.tif,333,252,1,train
025_HAADF_15nm_Sample_PtNC_21Oct20_179_248.tif,025_HAADF_15nm_Sample_PtNC_21Oct20.tif,179,248,1,train
047_HAADF_15nm_Sample_PtNC_21Oct20_77_424.tif,047_HAADF_15nm_Sample_PtNC_21Oct20.tif,77,424,1,train
034_HAADF_15nm_Sample_PtNC_20Oct20_255_352.tif,034_HAADF_15nm_Sample_PtNC_20Oct20.tif,255,352,1,train
025_HAADF_15nm_Sample_PtNC_21Oct20_170_158.tif,025_HAADF_15nm_Sample_PtNC_21Oct20.tif,170,158,1,train
047_HAADF_15nm_Sample_PtNC_21Oct20_467_183.tif,047_HAADF_15nm_Sample_PtNC_21Oct20.tif,467,183,1,train
045_HAADF_15nm_Sample_PtNC_20Oct20_144_248.tif,045_HAADF_15nm_Sample_PtNC_20Oct20.tif,144,248,1,train
049_HAADF_15nm_Sample_PtNC_20Oct20_153_37.tif,049_HAADF_15nm_Sample_PtNC_20Oct20.tif,153,37,1,train
027_HAADF_15nm_Sample_PtNC_21Oct20_160_225.tif,027_HAADF_15nm_Sample_PtNC_21Oct20.tif,160,225,1,train
027_HAADF_15nm_Sample_PtNC_21Oct20_65_19.tif,027_HAADF_15nm_Sample_PtNC_21Oct20.tif,65,19,1,train
047_HAADF_15nm_Sample_PtNC_21Oct20_60_7.tif,047_HAADF_15nm_Sample_PtNC_21Oct20.tif,60,7,1,train
034_HAADF_15nm_Sample_PtNC_20Oct20_279_217.tif,034_HAADF_15nm_Sample_PtNC_20Oct20.tif,279,217,1,train
027_HAADF_15nm_Sample_PtNC_21Oct20_168_294.tif,027_HAADF_15nm_Sample_PtNC_21Oct20.tif,168,294,1,train
034_HAADF_15nm_Sample_PtNC_20Oct20_158_170.tif,034_HAADF_15nm_Sample_PtNC_20Oct20.tif,158,170,1,train
027_HAADF_15nm_Sample_PtNC_21Oct20_324_223.tif,027_HAADF_15nm_Sample_PtNC_21Oct20.tif,324,223,1,train
021_HAADF_15nm_Sample_PtNC_21Oct20_245_182.tif,021_HAADF_15nm_Sample_PtNC_21Oct20.tif,245,182,1,train
025_HAADF_15nm_Sample_PtNC_21Oct20_212_394.tif,025_HAADF_15nm_Sample_PtNC_21Oct20.tif,212,394,1,train
037_HAADF_15nm_Sample_PtNC_20Oct20_68_440.tif,037_HAADF_15nm_Sample_PtNC_20Oct20.tif,68,440,1,train
051_HAADF_15nm_Sample_PtNC_21Oct20_493_454.tif,051_HAADF_15nm_Sample_PtNC_21Oct20.tif,493,454,1,train
051_HAADF_15nm_Sample_PtNC_21Oct20_70_412.tif,051_HAADF_15nm_Sample_PtNC_21Oct20.tif,70,412,1,train
048_HAADF_15nm_Sample_PtNC_21Oct20_364_254.tif,048_HAADF_15nm_Sample_PtNC_21Oct20.tif,364,254,1,train
048_HAADF_15nm_Sample_PtNC_21Oct20_362_368.tif,048_HAADF_15nm_Sample_PtNC_21Oct20.tif,362,368,1,train
034_HAADF_15nm_Sample_PtNC_20Oct20_257_244.tif,034_HAADF_15nm_Sample_PtNC_20Oct20.tif,257,244,1,train
025_HAADF_15nm_Sample_PtNC_21Oct20_46_338.tif,025_HAADF_15nm_Sample_PtNC_21Oct20.tif,46,338,1,train
034_HAADF_15nm_Sample_PtNC_20Oct20_83_194.tif,034_HAADF_15nm_Sample_PtNC_20Oct20.tif,83,194,1,train
021_HAADF_15nm_Sample_PtNC_21Oct20_434_320.tif,021_HAADF_15nm_Sample_PtNC_21Oct20.tif,434,320,1,train
038_HAADF_15nm_Sample_PtNC_21Oct20_224_450.tif,038_HAADF_15nm_Sample_PtNC_21Oct20.tif,224,450,1,train
047_HAADF_15nm_Sample_PtNC_21Oct20_477_294.tif,047_HAADF_15nm_Sample_PtNC_21Oct20.tif,477,294,1,train
027_HAADF_15nm_Sample_PtNC_21Oct20_204_310.tif,027_HAADF_15nm_Sample_PtNC_21Oct20.tif,204,310,1,train
038_HAADF_15nm_Sample_PtNC_21Oct20_422_278.tif,038_HAADF_15nm_Sample_PtNC_21Oct20.tif,422,278,1,train
037_HAADF_15nm_Sample_PtNC_20Oct20_414_344.tif,037_HAADF_15nm_Sample_PtNC_20Oct20.tif,414,344,1,train
047_HAADF_15nm_Sample_PtNC_21Oct20_17_33.tif,047_HAADF_15nm_Sample_PtNC_21Oct20.tif,17,33,1,train
048_HAADF_15nm_Sample_PtNC_21Oct20_12_32.tif,048_HAADF_15nm_Sample_PtNC_21Oct20.tif,12,32,1,train
027_HAADF_15nm_Sample_PtNC_21Oct20_208_493.tif,027_HAADF_15nm_Sample_PtNC_21Oct20.tif,208,493,1,train
025_HAADF_15nm_Sample_PtNC_21Oct20_193_376.tif,025_HAADF_15nm_Sample_PtNC_21Oct20.tif,193,376,1,train
027_HAADF_15nm_Sample_PtNC_21Oct20_140_312.tif,027_HAADF_15nm_Sample_PtNC_21Oct20.tif,140,312,1,train
048_HAADF_15nm_Sample_PtNC_21Oct20_141_458.tif,048_HAADF_15nm_Sample_PtNC_21Oct20.tif,141,458,1,train
049_HAADF_15nm_Sample_PtNC_20Oct20_43_110.tif,049_HAADF_15nm_Sample_PtNC_20Oct20.tif,43,110,1,train
051_HAADF_15nm_Sample_PtNC_21Oct20_237_338.tif,051_HAADF_15nm_Sample_PtNC_21Oct20.tif,237,338,1,train
051_HAADF_15nm_Sample_PtNC_21Oct20_463_164.tif,051_HAADF_15nm_Sample_PtNC_21Oct20.tif,463,164,1,train
037_HAADF_15nm_Sample_PtNC_20Oct20_143_316.tif,037_HAADF_15nm_Sample_PtNC_20Oct20.tif,143,316,1,train
048_HAADF_15nm_Sample_PtNC_21Oct20_174_66.tif,048_HAADF_15nm_Sample_PtNC_21Oct20.tif,174,66,1,train
021_HAADF_15nm_Sample_PtNC_21Oct20_258_294.tif,021_HAADF_15nm_Sample_PtNC_21Oct20.tif,258,294,1,train
025_HAADF_15nm_Sample_PtNC_21Oct20_105_338.tif,025_HAADF_15nm_Sample_PtNC_21Oct20.tif,105,338,1,train
037_HAADF_15nm_Sample_PtNC_20Oct20_476_387.tif,037_HAADF_15nm_Sample_PtNC_20Oct20.tif,476,387,1,train
037_HAADF_15nm_Sample_PtNC_20Oct20_272_430.tif,037_HAADF_15nm_Sample_PtNC_20Oct20.tif,272,430,1,train
034_HAADF_15nm_Sample_PtNC_20Oct20_249_274.tif,034_HAADF_15nm_Sample_PtNC_20Oct20.tif,249,274,1,train
027_HAADF_15nm_Sample_PtNC_21Oct20_375_259.tif,027_HAADF_15nm_Sample_PtNC_21Oct20.tif,375,259,1,train
051_HAADF_15nm_Sample_PtNC_21Oct20_272_397.tif,051_HAADF_15nm_Sample_PtNC_21Oct20.tif,272,397,1,train
037_HAADF_15nm_Sample_PtNC_20Oct20_430_220.tif,037_HAADF_15nm_Sample_PtNC_20Oct20.tif,430,220,1,train
051_HAADF_15nm_Sample_PtNC_21Oct20_289_400.tif,051_HAADF_15nm_Sample_PtNC_21Oct20.tif,289,400,1,train
025_HAADF_15nm_Sample_PtNC_21Oct20_327_253.tif,025_HAADF_15nm_Sample_PtNC_21Oct20.tif,327,253,1,train
051_HAADF_15nm_Sample_PtNC_21Oct20_180_239.tif,051_HAADF_15nm_Sample_PtNC_21Oct20.tif,180,239,1,train
034_HAADF_15nm_Sample_PtNC_20Oct20_18_498.tif,034_HAADF_15nm_Sample_PtNC_20Oct20.tif,18,498,1,train
034_HAADF_15nm_Sample_PtNC_20Oct20_96_352.tif,034_HAADF_15nm_Sample_PtNC_20Oct20.tif,96,352,1,train
048_HAADF_15nm_Sample_PtNC_21Oct20_505_337.tif,048_HAADF_15nm_Sample_PtNC_21Oct20.tif,505,337,1,train
045_HAADF_15nm_Sample_PtNC_20Oct20_226_230.tif,045_HAADF_15nm_Sample_PtNC_20Oct20.tif,226,230,1,train
037_HAADF_15nm_Sample_PtNC_20Oct20_262_292.tif,037_HAADF_15nm_Sample_PtNC_20Oct20.tif,262,292,1,train
051_HAADF_15nm_Sample_PtNC_21Oct20_222_55.tif,051_HAADF_15nm_Sample_PtNC_21Oct20.tif,222,55,1,train
034_HAADF_15nm_Sample_PtNC_20Oct20_283_415.tif,034_HAADF_15nm_Sample_PtNC_20Oct20.tif,283,415,1,train
051_HAADF_15nm_Sample_PtNC_21Oct20_8_457.tif,051_HAADF_15nm_Sample_PtNC_21Oct20.tif,8,457,1,train
045_HAADF_15nm_Sample_PtNC_20Oct20_36_245.tif,045_HAADF_15nm_Sample_PtNC_20Oct20.tif,36,245,1,train
038_HAADF_15nm_Sample_PtNC_21Oct20_351_505.tif,038_HAADF_15nm_Sample_PtNC_21Oct20.tif,351,505,1,train
048_HAADF_15nm_Sample_PtNC_21Oct20_210_272.tif,048_HAADF_15nm_Sample_PtNC_21Oct20.tif,210,272,1,train
027_HAADF_15nm_Sample_PtNC_21Oct20_18_221.tif,027_HAADF_15nm_Sample_PtNC_21Oct20.tif,18,221,1,train
047_HAADF_15nm_Sample_PtNC_21Oct20_373_173.tif,047_HAADF_15nm_Sample_PtNC_21Oct20.tif,373,173,1,train
049_HAADF_15nm_Sample_PtNC_20Oct20_187_446.tif,049_HAADF_15nm_Sample_PtNC_20Oct20.tif,187,446,1,train
027_HAADF_15nm_Sample_PtNC_21Oct20_90_201.tif,027_HAADF_15nm_Sample_PtNC_21Oct20.tif,90,201,1,train
049_HAADF_15nm_Sample_PtNC_20Oct20_229_107.tif,049_HAADF_15nm_Sample_PtNC_20Oct20.tif,229,107,1,train
034_HAADF_15nm_Sample_PtNC_20Oct20_493_177.tif,034_HAADF_15nm_Sample_PtNC_20Oct20.tif,493,177,1,train
048_HAADF_15nm_Sample_PtNC_21Oct20_220_108.tif,048_HAADF_15nm_Sample_PtNC_21Oct20.tif,220,108,1,train
027_HAADF_15nm_Sample_PtNC_21Oct20_145_374.tif,027_HAADF_15nm_Sample_PtNC_21Oct20.tif,145,374,1,train
051_HAADF_15nm_Sample_PtNC_21Oct20_176_74.tif,051_HAADF_15nm_Sample_PtNC_21Oct20.tif,176,74,1,train
051_HAADF_15nm_Sample_PtNC_21Oct20_67_341.tif,051_HAADF_15nm_Sample_PtNC_21Oct20.tif,67,341,1,train
037_HAADF_15nm_Sample_PtNC_20Oct20_456_433.tif,037_HAADF_15nm_Sample_PtNC_20Oct20.tif,456,433,1,train
025_HAADF_15nm_Sample_PtNC_21Oct20_16_365.tif,025_HAADF_15nm_Sample_PtNC_21Oct20.tif,16,365,1,train
051_HAADF_15nm_Sample_PtNC_21Oct20_45_443.tif,051_HAADF_15nm_Sample_PtNC_21Oct20.tif,45,443,1,train
034_HAADF_15nm_Sample_PtNC_20Oct20_238_327.tif,034_HAADF_15nm_Sample_PtNC_20Oct20.tif,238,327,1,train
027_HAADF_15nm_Sample_PtNC_21Oct20_151_347.tif,027_HAADF_15nm_Sample_PtNC_21Oct20.tif,151,347,1,train
047_HAADF_15nm_Sample_PtNC_21Oct20_132_365.tif,047_HAADF_15nm_Sample_PtNC_21Oct20.tif,132,365,1,train
045_HAADF_15nm_Sample_PtNC_20Oct20_70_452.tif,045_HAADF_15nm_Sample_PtNC_20Oct20.tif,70,452,1,train
047_HAADF_15nm_Sample_PtNC_21Oct20_310_215.tif,047_HAADF_15nm_Sample_PtNC_21Oct20.tif,310,215,1,train
051_HAADF_15nm_Sample_PtNC_21Oct20_403_49.tif,051_HAADF_15nm_Sample_PtNC_21Oct20.tif,403,49,1,train
048_HAADF_15nm_Sample_PtNC_21Oct20_194_496.tif,048_HAADF_15nm_Sample_PtNC_21Oct20.tif,194,496,1,train
051_HAADF_15nm_Sample_PtNC_21Oct20_22_463.tif,051_HAADF_15nm_Sample_PtNC_21Oct20.tif,22,463,1,train
021_HAADF_15nm_Sample_PtNC_21Oct20_295_333.tif,021_HAADF_15nm_Sample_PtNC_21Oct20.tif,295,333,1,train
038_HAADF_15nm_Sample_PtNC_21Oct20_401_418.tif,038_HAADF_15nm_Sample_PtNC_21Oct20.tif,401,418,1,train
038_HAADF_15nm_Sample_PtNC_21Oct20_316_492.tif,038_HAADF_15nm_Sample_PtNC_21Oct20.tif,316,492,1,train
037_HAADF_15nm_Sample_PtNC_20Oct20_219_356.tif,037_HAADF_15nm_Sample_PtNC_20Oct20.tif,219,356,1,train
038_HAADF_15nm_Sample_PtNC_21Oct20_345_390.tif,038_HAADF_15nm_Sample_PtNC_21Oct20.tif,345,390,1,train
034_HAADF_15nm_Sample_PtNC_20Oct20_54_235.tif,034_HAADF_15nm_Sample_PtNC_20Oct20.tif,54,235,1,train
048_HAADF_15nm_Sample_PtNC_21Oct20_46_195.tif,048_HAADF_15nm_Sample_PtNC_21Oct20.tif,46,195,1,train
048_HAADF_15nm_Sample_PtNC_21Oct20_481_96.tif,048_HAADF_15nm_Sample_PtNC_21Oct20.tif,481,96,1,train
048_HAADF_15nm_Sample_PtNC_21Oct20_240_224.tif,048_HAADF_15nm_Sample_PtNC_21Oct20.tif,240,224,1,train
045_HAADF_15nm_Sample_PtNC_20Oct20_314_335.tif,045_HAADF_15nm_Sample_PtNC_20Oct20.tif,314,335,1,train
051_HAADF_15nm_Sample_PtNC_21Oct20_10_253.tif,051_HAADF_15nm_Sample_PtNC_21Oct20.tif,10,253,1,train
048_HAADF_15nm_Sample_PtNC_21Oct20_308_138.tif,048_HAADF_15nm_Sample_PtNC_21Oct20.tif,308,138,1,train
038_HAADF_15nm_Sample_PtNC_21Oct20_438_134.tif,038_HAADF_15nm_Sample_PtNC_21Oct20.tif,438,134,1,train
037_HAADF_15nm_Sample_PtNC_20Oct20_52_350.tif,037_HAADF_15nm_Sample_PtNC_20Oct20.tif,52,350,1,train
037_HAADF_15nm_Sample_PtNC_20Oct20_136_96.tif,037_HAADF_15nm_Sample_PtNC_20Oct20.tif,136,96,1,train
048_HAADF_15nm_Sample_PtNC_21Oct20_426_482.tif,048_HAADF_15nm_Sample_PtNC_21Oct20.tif,426,482,1,train
051_HAADF_15nm_Sample_PtNC_21Oct20_380_296.tif,051_HAADF_15nm_Sample_PtNC_21Oct20.tif,380,296,1,train
047_HAADF_15nm_Sample_PtNC_21Oct20_185_184.tif,047_HAADF_15nm_Sample_PtNC_21Oct20.tif,185,184,1,train
037_HAADF_15nm_Sample_PtNC_20Oct20_182_486.tif,037_HAADF_15nm_Sample_PtNC_20Oct20.tif,182,486,1,train
051_HAADF_15nm_Sample_PtNC_21Oct20_159_369.tif,051_HAADF_15nm_Sample_PtNC_21Oct20.tif,159,369,1,train
049_HAADF_15nm_Sample_PtNC_20Oct20_199_17.tif,049_HAADF_15nm_Sample_PtNC_20Oct20.tif,199,17,1,train
021_HAADF_15nm_Sample_PtNC_21Oct20_320_379.tif,021_HAADF_15nm_Sample_PtNC_21Oct20.tif,320,379,1,train
047_HAADF_15nm_Sample_PtNC_21Oct20_224_71.tif,047_HAADF_15nm_Sample_PtNC_21Oct20.tif,224,71,1,train
021_HAADF_15nm_Sample_PtNC_21Oct20_244_216.tif,021_HAADF_15nm_Sample_PtNC_21Oct20.tif,244,216,1,train
045_HAADF_15nm_Sample_PtNC_20Oct20_119_190.tif,045_HAADF_15nm_Sample_PtNC_20Oct20.tif,119,190,1,train
034_HAADF_15nm_Sample_PtNC_20Oct20_442_226.tif,034_HAADF_15nm_Sample_PtNC_20Oct20.tif,442,226,1,train
034_HAADF_15nm_Sample_PtNC_20Oct20_259_511.tif,034_HAADF_15nm_Sample_PtNC_20Oct20.tif,259,511,1,train
034_HAADF_15nm_Sample_PtNC_20Oct20_450_444.tif,034_HAADF_15nm_Sample_PtNC_20Oct20.tif,450,444,1,train
048_HAADF_15nm_Sample_PtNC_21Oct20_212_195.tif,048_HAADF_15nm_Sample_PtNC_21Oct20.tif,212,195,1,train
045_HAADF_15nm_Sample_PtNC_20Oct20_382_195.tif,045_HAADF_15nm_Sample_PtNC_20Oct20.tif,382,195,1,train
049_HAADF_15nm_Sample_PtNC_20Oct20_303_145.tif,049_HAADF_15nm_Sample_PtNC_20Oct20.tif,303,145,1,train
021_HAADF_15nm_Sample_PtNC_21Oct20_252_336.tif,021_HAADF_15nm_Sample_PtNC_21Oct20.tif,252,336,1,train
049_HAADF_15nm_Sample_PtNC_20Oct20_17_152.tif,049_HAADF_15nm_Sample_PtNC_20Oct20.tif,17,152,1,train
047_HAADF_15nm_Sample_PtNC_21Oct20_18_56.tif,047_HAADF_15nm_Sample_PtNC_21Oct20.tif,18,56,1,train
048_HAADF_15nm_Sample_PtNC_21Oct20_320_131.tif,048_HAADF_15nm_Sample_PtNC_21Oct20.tif,320,131,1,train
038_HAADF_15nm_Sample_PtNC_21Oct20_205_344.tif,038_HAADF_15nm_Sample_PtNC_21Oct20.tif,205,344,1,train
021_HAADF_15nm_Sample_PtNC_21Oct20_187_185.tif,021_HAADF_15nm_Sample_PtNC_21Oct20.tif,187,185,1,train
038_HAADF_15nm_Sample_PtNC_21Oct20_306_301.tif,038_HAADF_15nm_Sample_PtNC_21Oct20.tif,306,301,1,train
049_HAADF_15nm_Sample_PtNC_20Oct20_403_221.tif,049_HAADF_15nm_Sample_PtNC_20Oct20.tif,403,221,1,train
037_HAADF_15nm_Sample_PtNC_20Oct20_370_250.tif,037_HAADF_15nm_Sample_PtNC_20Oct20.tif,370,250,1,train
037_HAADF_15nm_Sample_PtNC_20Oct20_222_487.tif,037_HAADF_15nm_Sample_PtNC_20Oct20.tif,222,487,1,train
025_HAADF_15nm_Sample_PtNC_21Oct20_296_275.tif,025_HAADF_15nm_Sample_PtNC_21Oct20.tif,296,275,1,train
037_HAADF_15nm_Sample_PtNC_20Oct20_178_419.tif,037_HAADF_15nm_Sample_PtNC_20Oct20.tif,178,419,1,train
037_HAADF_15nm_Sample_PtNC_20Oct20_260_197.tif,037_HAADF_15nm_Sample_PtNC_20Oct20.tif,260,197,1,train
048_HAADF_15nm_Sample_PtNC_21Oct20_270_474.tif,048_HAADF_15nm_Sample_PtNC_21Oct20.tif,270,474,1,train
047_HAADF_15nm_Sample_PtNC_21Oct20_412_83.tif,047_HAADF_15nm_Sample_PtNC_21Oct20.tif,412,83,1,train
021_HAADF_15nm_Sample_PtNC_21Oct20_412_365.tif,021_HAADF_15nm_Sample_PtNC_21Oct20.tif,412,365,1,train
034_HAADF_15nm_Sample_PtNC_20Oct20_468_282.tif,034_HAADF_15nm_Sample_PtNC_20Oct20.tif,468,282,1,train
021_HAADF_15nm_Sample_PtNC_21Oct20_178_235.tif,021_HAADF_15nm_Sample_PtNC_21Oct20.tif,178,235,1,train
037_HAADF_15nm_Sample_PtNC_20Oct20_486_419.tif,037_HAADF_15nm_Sample_PtNC_20Oct20.tif,486,419,1,train
047_HAADF_15nm_Sample_PtNC_21Oct20_193_335.tif,047_HAADF_15nm_Sample_PtNC_21Oct20.tif,193,335,1,train
034_HAADF_15nm_Sample_PtNC_20Oct20_270_461.tif,034_HAADF_15nm_Sample_PtNC_20Oct20.tif,270,461,1,train
037_HAADF_15nm_Sample_PtNC_20Oct20_500_300.tif,037_HAADF_15nm_Sample_PtNC_20Oct20.tif,500,300,1,train
034_HAADF_15nm_Sample_PtNC_20Oct20_145_269.tif,034_HAADF_15nm_Sample_PtNC_20Oct20.tif,145,269,1,train
021_HAADF_15nm_Sample_PtNC_21Oct20_388_301.tif,021_HAADF_15nm_Sample_PtNC_21Oct20.tif,388,301,1,train
025_HAADF_15nm_Sample_PtNC_21Oct20_99_155.tif,025_HAADF_15nm_Sample_PtNC_21Oct20.tif,99,155,1,train
038_HAADF_15nm_Sample_PtNC_21Oct20_94_192.tif,038_HAADF_15nm_Sample_PtNC_21Oct20.tif,94,192,1,train
051_HAADF_15nm_Sample_PtNC_21Oct20_261_351.tif,051_HAADF_15nm_Sample_PtNC_21Oct20.tif,261,351,1,train
049_HAADF_15nm_Sample_PtNC_20Oct20_372_191.tif,049_HAADF_15nm_Sample_PtNC_20Oct20.tif,372,191,1,train
037_HAADF_15nm_Sample_PtNC_20Oct20_327_290.tif,037_HAADF_15nm_Sample_PtNC_20Oct20.tif,327,290,1,train
051_HAADF_15nm_Sample_PtNC_21Oct20_161_303.tif,051_HAADF_15nm_Sample_PtNC_21Oct20.tif,161,303,1,train
038_HAADF_15nm_Sample_PtNC_21Oct20_283_398.tif,038_HAADF_15nm_Sample_PtNC_21Oct20.tif,283,398,1,train
049_HAADF_15nm_Sample_PtNC_20Oct20_183_85.tif,049_HAADF_15nm_Sample_PtNC_20Oct20.tif,183,85,1,train
048_HAADF_15nm_Sample_PtNC_21Oct20_357_46.tif,048_HAADF_15nm_Sample_PtNC_21Oct20.tif,357,46,1,train
049_HAADF_15nm_Sample_PtNC_20Oct20_369_228.tif,049_HAADF_15nm_Sample_PtNC_20Oct20.tif,369,228,1,train
048_HAADF_15nm_Sample_PtNC_21Oct20_478_226.tif,048_HAADF_15nm_Sample_PtNC_21Oct20.tif,478,226,1,train
021_HAADF_15nm_Sample_PtNC_21Oct20_224_437.tif,021_HAADF_15nm_Sample_PtNC_21Oct20.tif,224,437,1,train
038_HAADF_15nm_Sample_PtNC_21Oct20_405_129.tif,038_HAADF_15nm_Sample_PtNC_21Oct20.tif,405,129,1,train
048_HAADF_15nm_Sample_PtNC_21Oct20_216_221.tif,048_HAADF_15nm_Sample_PtNC_21Oct20.tif,216,221,1,train
047_HAADF_15nm_Sample_PtNC_21Oct20_130_215.tif,047_HAADF_15nm_Sample_PtNC_21Oct20.tif,130,215,1,train
051_HAADF_15nm_Sample_PtNC_21Oct20_462_305.tif,051_HAADF_15nm_Sample_PtNC_21Oct20.tif,462,305,1,train
051_HAADF_15nm_Sample_PtNC_21Oct20_225_317.tif,051_HAADF_15nm_Sample_PtNC_21Oct20.tif,225,317,1,train
037_HAADF_15nm_Sample_PtNC_20Oct20_292_458.tif,037_HAADF_15nm_Sample_PtNC_20Oct20.tif,292,458,1,train
051_HAADF_15nm_Sample_PtNC_21Oct20_357_279.tif,051_HAADF_15nm_Sample_PtNC_21Oct20.tif,357,279,1,train
021_HAADF_15nm_Sample_PtNC_21Oct20_327_408.tif,021_HAADF_15nm_Sample_PtNC_21Oct20.tif,327,408,1,train
049_HAADF_15nm_Sample_PtNC_20Oct20_65_190.tif,049_HAADF_15nm_Sample_PtNC_20Oct20.tif,65,190,1,train
034_HAADF_15nm_Sample_PtNC_20Oct20_318_459.tif,034_HAADF_15nm_Sample_PtNC_20Oct20.tif,318,459,1,train
034_HAADF_15nm_Sample_PtNC_20Oct20_294_195.tif,034_HAADF_15nm_Sample_PtNC_20Oct20.tif,294,195,1,train
034_HAADF_15nm_Sample_PtNC_20Oct20_342_387.tif,034_HAADF_15nm_Sample_PtNC_20Oct20.tif,342,387,1,train
051_HAADF_15nm_Sample_PtNC_21Oct20_500_452.tif,051_HAADF_15nm_Sample_PtNC_21Oct20.tif,500,452,1,train
034_HAADF_15nm_Sample_PtNC_20Oct20_105_307.tif,034_HAADF_15nm_Sample_PtNC_20Oct20.tif,105,307,1,train
051_HAADF_15nm_Sample_PtNC_21Oct20_291_468.tif,051_HAADF_15nm_Sample_PtNC_21Oct20.tif,291,468,1,train
047_HAADF_15nm_Sample_PtNC_21Oct20_354_326.tif,047_HAADF_15nm_Sample_PtNC_21Oct20.tif,354,326,1,train
038_HAADF_15nm_Sample_PtNC_21Oct20_135_322.tif,038_HAADF_15nm_Sample_PtNC_21Oct20.tif,135,322,1,train
051_HAADF_15nm_Sample_PtNC_21Oct20_241_194.tif,051_HAADF_15nm_Sample_PtNC_21Oct20.tif,241,194,1,train
021_HAADF_15nm_Sample_PtNC_21Oct20_294_293.tif,021_HAADF_15nm_Sample_PtNC_21Oct20.tif,294,293,1,train
037_HAADF_15nm_Sample_PtNC_20Oct20_325_436.tif,037_HAADF_15nm_Sample_PtNC_20Oct20.tif,325,436,1,train
038_HAADF_15nm_Sample_PtNC_21Oct20_402_104.tif,038_HAADF_15nm_Sample_PtNC_21Oct20.tif,402,104,1,train
027_HAADF_15nm_Sample_PtNC_21Oct20_368_364.tif,027_HAADF_15nm_Sample_PtNC_21Oct20.tif,368,364,1,train
025_HAADF_15nm_Sample_PtNC_21Oct20_363_208.tif,025_HAADF_15nm_Sample_PtNC_21Oct20.tif,363,208,1,train
051_HAADF_15nm_Sample_PtNC_21Oct20_192_359.tif,051_HAADF_15nm_Sample_PtNC_21Oct20.tif,192,359,1,train
038_HAADF_15nm_Sample_PtNC_21Oct20_138_160.tif,038_HAADF_15nm_Sample_PtNC_21Oct20.tif,138,160,1,train
038_HAADF_15nm_Sample_PtNC_21Oct20_281_198.tif,038_HAADF_15nm_Sample_PtNC_21Oct20.tif,281,198,1,train
049_HAADF_15nm_Sample_PtNC_20Oct20_140_203.tif,049_HAADF_15nm_Sample_PtNC_20Oct20.tif,140,203,1,train
049_HAADF_15nm_Sample_PtNC_20Oct20_185_170.tif,049_HAADF_15nm_Sample_PtNC_20Oct20.tif,185,170,1,train
027_HAADF_15nm_Sample_PtNC_21Oct20_86_230.tif,027_HAADF_15nm_Sample_PtNC_21Oct20.tif,86,230,1,train
027_HAADF_15nm_Sample_PtNC_21Oct20_241_123.tif,027_HAADF_15nm_Sample_PtNC_21Oct20.tif,241,123,1,train
021_HAADF_15nm_Sample_PtNC_21Oct20_194_223.tif,021_HAADF_15nm_Sample_PtNC_21Oct20.tif,194,223,1,train
045_HAADF_15nm_Sample_PtNC_20Oct20_372_203.tif,045_HAADF_15nm_Sample_PtNC_20Oct20.tif,372,203,1,train
048_HAADF_15nm_Sample_PtNC_21Oct20_51_226.tif,048_HAADF_15nm_Sample_PtNC_21Oct20.tif,51,226,1,train
038_HAADF_15nm_Sample_PtNC_21Oct20_448_289.tif,038_HAADF_15nm_Sample_PtNC_21Oct20.tif,448,289,1,train
051_HAADF_15nm_Sample_PtNC_21Oct20_140_318.tif,051_HAADF_15nm_Sample_PtNC_21Oct20.tif,140,318,1,train
034_HAADF_15nm_Sample_PtNC_20Oct20_206_305.tif,034_HAADF_15nm_Sample_PtNC_20Oct20.tif,206,305,1,train
034_HAADF_15nm_Sample_PtNC_20Oct20_89_498.tif,034_HAADF_15nm_Sample_PtNC_20Oct20.tif,89,498,1,train
021_HAADF_15nm_Sample_PtNC_21Oct20_364_397.tif,021_HAADF_15nm_Sample_PtNC_21Oct20.tif,364,397,1,train
045_HAADF_15nm_Sample_PtNC_20Oct20_136_442.tif,045_HAADF_15nm_Sample_PtNC_20Oct20.tif,136,442,1,train
037_HAADF_15nm_Sample_PtNC_20Oct20_66_283.tif,037_HAADF_15nm_Sample_PtNC_20Oct20.tif,66,283,1,train
025_HAADF_15nm_Sample_PtNC_21Oct20_106_307.tif,025_HAADF_15nm_Sample_PtNC_21Oct20.tif,106,307,1,train
021_HAADF_15nm_Sample_PtNC_21Oct20_468_302.tif,021_HAADF_15nm_Sample_PtNC_21Oct20.tif,468,302,1,train
037_HAADF_15nm_Sample_PtNC_20Oct20_264_114.tif,037_HAADF_15nm_Sample_PtNC_20Oct20.tif,264,114,1,train
048_HAADF_15nm_Sample_PtNC_21Oct20_303_386.tif,048_HAADF_15nm_Sample_PtNC_21Oct20.tif,303,386,1,train
045_HAADF_15nm_Sample_PtNC_20Oct20_476_269.tif,045_HAADF_15nm_Sample_PtNC_20Oct20.tif,476,269,1,train
048_HAADF_15nm_Sample_PtNC_21Oct20_242_350.tif,048_HAADF_15nm_Sample_PtNC_21Oct20.tif,242,350,1,train
027_HAADF_15nm_Sample_PtNC_21Oct20_338_190.tif,027_HAADF_15nm_Sample_PtNC_21Oct20.tif,338,190,1,train
047_HAADF_15nm_Sample_PtNC_21Oct20_273_180.tif,047_HAADF_15nm_Sample_PtNC_21Oct20.tif,273,180,1,train
037_HAADF_15nm_Sample_PtNC_20Oct20_466_170.tif,037_HAADF_15nm_Sample_PtNC_20Oct20.tif,466,170,1,train
045_HAADF_15nm_Sample_PtNC_20Oct20_375_166.tif,045_HAADF_15nm_Sample_PtNC_20Oct20.tif,375,166,1,train
047_HAADF_15nm_Sample_PtNC_21Oct20_360_62.tif,047_HAADF_15nm_Sample_PtNC_21Oct20.tif,360,62,1,train
049_HAADF_15nm_Sample_PtNC_20Oct20_410_132.tif,049_HAADF_15nm_Sample_PtNC_20Oct20.tif,410,132,1,train
048_HAADF_15nm_Sample_PtNC_21Oct20_455_345.tif,048_HAADF_15nm_Sample_PtNC_21Oct20.tif,455,345,1,train
047_HAADF_15nm_Sample_PtNC_21Oct20_308_501.tif,047_HAADF_15nm_Sample_PtNC_21Oct20.tif,308,501,1,train
021_HAADF_15nm_Sample_PtNC_21Oct20_174_332.tif,021_HAADF_15nm_Sample_PtNC_21Oct20.tif,174,332,1,train
037_HAADF_15nm_Sample_PtNC_20Oct20_242_354.tif,037_HAADF_15nm_Sample_PtNC_20Oct20.tif,242,354,1,train
047_HAADF_15nm_Sample_PtNC_21Oct20_436_493.tif,047_HAADF_15nm_Sample_PtNC_21Oct20.tif,436,493,1,train
034_HAADF_15nm_Sample_PtNC_20Oct20_241_493.tif,034_HAADF_15nm_Sample_PtNC_20Oct20.tif,241,493,1,train
025_HAADF_15nm_Sample_PtNC_21Oct20_303_268.tif,025_HAADF_15nm_Sample_PtNC_21Oct20.tif,303,268,1,train
037_HAADF_15nm_Sample_PtNC_20Oct20_228_260.tif,037_HAADF_15nm_Sample_PtNC_20Oct20.tif,228,260,1,train
048_HAADF_15nm_Sample_PtNC_21Oct20_436_240.tif,048_HAADF_15nm_Sample_PtNC_21Oct20.tif,436,240,1,train
049_HAADF_15nm_Sample_PtNC_20Oct20_330_308.tif,049_HAADF_15nm_Sample_PtNC_20Oct20.tif,330,308,1,train
048_HAADF_15nm_Sample_PtNC_21Oct20_187_392.tif,048_HAADF_15nm_Sample_PtNC_21Oct20.tif,187,392,1,train
051_HAADF_15nm_Sample_PtNC_21Oct20_427_52.tif,051_HAADF_15nm_Sample_PtNC_21Oct20.tif,427,52,1,train
021_HAADF_15nm_Sample_PtNC_21Oct20_249_360.tif,021_HAADF_15nm_Sample_PtNC_21Oct20.tif,249,360,1,train
048_HAADF_15nm_Sample_PtNC_21Oct20_199_355.tif,048_HAADF_15nm_Sample_PtNC_21Oct20.tif,199,355,1,train
027_HAADF_15nm_Sample_PtNC_21Oct20_181_397.tif,027_HAADF_15nm_Sample_PtNC_21Oct20.tif,181,397,1,train
051_HAADF_15nm_Sample_PtNC_21Oct20_390_24.tif,051_HAADF_15nm_Sample_PtNC_21Oct20.tif,390,24,1,train
038_HAADF_15nm_Sample_PtNC_21Oct20_323_102.tif,038_HAADF_15nm_Sample_PtNC_21Oct20.tif,323,102,1,train
027_HAADF_15nm_Sample_PtNC_21Oct20_300_486.tif,027_HAADF_15nm_Sample_PtNC_21Oct20.tif,300,486,1,train
047_HAADF_15nm_Sample_PtNC_21Oct20_426_237.tif,047_HAADF_15nm_Sample_PtNC_21Oct20.tif,426,237,1,train
051_HAADF_15nm_Sample_PtNC_21Oct20_405_494.tif,051_HAADF_15nm_Sample_PtNC_21Oct20.tif,405,494,1,train
051_HAADF_15nm_Sample_PtNC_21Oct20_264_289.tif,051_HAADF_15nm_Sample_PtNC_21Oct20.tif,264,289,1,train
025_HAADF_15nm_Sample_PtNC_21Oct20_260_298.tif,025_HAADF_15nm_Sample_PtNC_21Oct20.tif,260,298,1,train
021_HAADF_15nm_Sample_PtNC_21Oct20_142_308.tif,021_HAADF_15nm_Sample_PtNC_21Oct20.tif,142,308,1,train
025_HAADF_15nm_Sample_PtNC_21Oct20_72_77.tif,025_HAADF_15nm_Sample_PtNC_21Oct20.tif,72,77,1,train
021_HAADF_15nm_Sample_PtNC_21Oct20_287_345.tif,021_HAADF_15nm_Sample_PtNC_21Oct20.tif,287,345,1,train
049_HAADF_15nm_Sample_PtNC_20Oct20_204_458.tif,049_HAADF_15nm_Sample_PtNC_20Oct20.tif,204,458,1,train
025_HAADF_15nm_Sample_PtNC_21Oct20_116_393.tif,025_HAADF_15nm_Sample_PtNC_21Oct20.tif,116,393,1,train
048_HAADF_15nm_Sample_PtNC_21Oct20_198_260.tif,048_HAADF_15nm_Sample_PtNC_21Oct20.tif,198,260,1,train
047_HAADF_15nm_Sample_PtNC_21Oct20_213_235.tif,047_HAADF_15nm_Sample_PtNC_21Oct20.tif,213,235,1,train
025_HAADF_15nm_Sample_PtNC_21Oct20_312_204.tif,025_HAADF_15nm_Sample_PtNC_21Oct20.tif,312,204,1,train
047_HAADF_15nm_Sample_PtNC_21Oct20_115_215.tif,047_HAADF_15nm_Sample_PtNC_21Oct20.tif,115,215,1,train
048_HAADF_15nm_Sample_PtNC_21Oct20_412_72.tif,048_HAADF_15nm_Sample_PtNC_21Oct20.tif,412,72,1,train
048_HAADF_15nm_Sample_PtNC_21Oct20_450_324.tif,048_HAADF_15nm_Sample_PtNC_21Oct20.tif,450,324,1,train
034_HAADF_15nm_Sample_PtNC_20Oct20_396_248.tif,034_HAADF_15nm_Sample_PtNC_20Oct20.tif,396,248,1,train
048_HAADF_15nm_Sample_PtNC_21Oct20_16_48.tif,048_HAADF_15nm_Sample_PtNC_21Oct20.tif,16,48,1,train
051_HAADF_15nm_Sample_PtNC_21Oct20_387_338.tif,051_HAADF_15nm_Sample_PtNC_21Oct20.tif,387,338,1,train
045_HAADF_15nm_Sample_PtNC_20Oct20_82_263.tif,045_HAADF_15nm_Sample_PtNC_20Oct20.tif,82,263,1,train
048_HAADF_15nm_Sample_PtNC_21Oct20_325_300.tif,048_HAADF_15nm_Sample_PtNC_21Oct20.tif,325,300,1,train
034_HAADF_15nm_Sample_PtNC_20Oct20_366_341.tif,034_HAADF_15nm_Sample_PtNC_20Oct20.tif,366,341,1,train
025_HAADF_15nm_Sample_PtNC_21Oct20_236_330.tif,025_HAADF_15nm_Sample_PtNC_21Oct20.tif,236,330,1,train
034_HAADF_15nm_Sample_PtNC_20Oct20_158_181.tif,034_HAADF_15nm_Sample_PtNC_20Oct20.tif,158,181,1,train
034_HAADF_15nm_Sample_PtNC_20Oct20_10_458.tif,034_HAADF_15nm_Sample_PtNC_20Oct20.tif,10,458,1,train
027_HAADF_15nm_Sample_PtNC_21Oct20_274_356.tif,027_HAADF_15nm_Sample_PtNC_21Oct20.tif,274,356,1,train
037_HAADF_15nm_Sample_PtNC_20Oct20_262_507.tif,037_HAADF_15nm_Sample_PtNC_20Oct20.tif,262,507,1,train
045_HAADF_15nm_Sample_PtNC_20Oct20_198_460.tif,045_HAADF_15nm_Sample_PtNC_20Oct20.tif,198,460,1,train
025_HAADF_15nm_Sample_PtNC_21Oct20_54_53.tif,025_HAADF_15nm_Sample_PtNC_21Oct20.tif,54,53,1,train
049_HAADF_15nm_Sample_PtNC_20Oct20_306_166.tif,049_HAADF_15nm_Sample_PtNC_20Oct20.tif,306,166,1,train
021_HAADF_15nm_Sample_PtNC_21Oct20_258_180.tif,021_HAADF_15nm_Sample_PtNC_21Oct20.tif,258,180,1,train
034_HAADF_15nm_Sample_PtNC_20Oct20_266_370.tif,034_HAADF_15nm_Sample_PtNC_20Oct20.tif,266,370,1,train
048_HAADF_15nm_Sample_PtNC_21Oct20_312_162.tif,048_HAADF_15nm_Sample_PtNC_21Oct20.tif,312,162,1,train
045_HAADF_15nm_Sample_PtNC_20Oct20_290_487.tif,045_HAADF_15nm_Sample_PtNC_20Oct20.tif,290,487,1,train
045_HAADF_15nm_Sample_PtNC_20Oct20_191_319.tif,045_HAADF_15nm_Sample_PtNC_20Oct20.tif,191,319,1,train
051_HAADF_15nm_Sample_PtNC_21Oct20_90_134.tif,051_HAADF_15nm_Sample_PtNC_21Oct20.tif,90,134,1,train
051_HAADF_15nm_Sample_PtNC_21Oct20_86_208.tif,051_HAADF_15nm_Sample_PtNC_21Oct20.tif,86,208,1,train
037_HAADF_15nm_Sample_PtNC_20Oct20_180_150.tif,037_HAADF_15nm_Sample_PtNC_20Oct20.tif,180,150,1,train
037_HAADF_15nm_Sample_PtNC_20Oct20_37_245.tif,037_HAADF_15nm_Sample_PtNC_20Oct20.tif,37,245,1,train
051_HAADF_15nm_Sample_PtNC_21Oct20_461_273.tif,051_HAADF_15nm_Sample_PtNC_21Oct20.tif,461,273,1,train
037_HAADF_15nm_Sample_PtNC_20Oct20_168_260.tif,037_HAADF_15nm_Sample_PtNC_20Oct20.tif,168,260,1,train
021_HAADF_15nm_Sample_PtNC_21Oct20_348_241.tif,021_HAADF_15nm_Sample_PtNC_21Oct20.tif,348,241,1,train
021_HAADF_15nm_Sample_PtNC_21Oct20_141_421.tif,021_HAADF_15nm_Sample_PtNC_21Oct20.tif,141,421,1,train
051_HAADF_15nm_Sample_PtNC_21Oct20_98_363.tif,051_HAADF_15nm_Sample_PtNC_21Oct20.tif,98,363,1,train
048_HAADF_15nm_Sample_PtNC_21Oct20_136_333.tif,048_HAADF_15nm_Sample_PtNC_21Oct20.tif,136,333,1,train
048_HAADF_15nm_Sample_PtNC_21Oct20_148_189.tif,048_HAADF_15nm_Sample_PtNC_21Oct20.tif,148,189,1,train
021_HAADF_15nm_Sample_PtNC_21Oct20_418_306.tif,021_HAADF_15nm_Sample_PtNC_21Oct20.tif,418,306,1,train
027_HAADF_15nm_Sample_PtNC_21Oct20_128_247.tif,027_HAADF_15nm_Sample_PtNC_21Oct20.tif,128,247,1,train
021_HAADF_15nm_Sample_PtNC_21Oct20_453_181.tif,021_HAADF_15nm_Sample_PtNC_21Oct20.tif,453,181,1,train
051_HAADF_15nm_Sample_PtNC_21Oct20_90_112.tif,051_HAADF_15nm_Sample_PtNC_21Oct20.tif,90,112,1,train
047_HAADF_15nm_Sample_PtNC_21Oct20_184_215.tif,047_HAADF_15nm_Sample_PtNC_21Oct20.tif,184,215,1,train
038_HAADF_15nm_Sample_PtNC_21Oct20_390_318.tif,038_HAADF_15nm_Sample_PtNC_21Oct20.tif,390,318,1,train
027_HAADF_15nm_Sample_PtNC_21Oct20_310_333.tif,027_HAADF_15nm_Sample_PtNC_21Oct20.tif,310,333,1,train
047_HAADF_15nm_Sample_PtNC_21Oct20_451_356.tif,047_HAADF_15nm_Sample_PtNC_21Oct20.tif,451,356,1,train
051_HAADF_15nm_Sample_PtNC_21Oct20_165_440.tif,051_HAADF_15nm_Sample_PtNC_21Oct20.tif,165,440,1,train
048_HAADF_15nm_Sample_PtNC_21Oct20_471_172.tif,048_HAADF_15nm_Sample_PtNC_21Oct20.tif,471,172,1,train
034_HAADF_15nm_Sample_PtNC_20Oct20_10_387.tif,034_HAADF_15nm_Sample_PtNC_20Oct20.tif,10,387,1,train
051_HAADF_15nm_Sample_PtNC_21Oct20_236_94.tif,051_HAADF_15nm_Sample_PtNC_21Oct20.tif,236,94,1,train
034_HAADF_15nm_Sample_PtNC_20Oct20_237_110.tif,034_HAADF_15nm_Sample_PtNC_20Oct20.tif,237,110,1,train
047_HAADF_15nm_Sample_PtNC_21Oct20_179_76.tif,047_HAADF_15nm_Sample_PtNC_21Oct20.tif,179,76,1,train
051_HAADF_15nm_Sample_PtNC_21Oct20_495_324.tif,051_HAADF_15nm_Sample_PtNC_21Oct20.tif,495,324,1,train
045_HAADF_15nm_Sample_PtNC_20Oct20_385_269.tif,045_HAADF_15nm_Sample_PtNC_20Oct20.tif,385,269,1,train
048_HAADF_15nm_Sample_PtNC_21Oct20_190_243.tif,048_HAADF_15nm_Sample_PtNC_21Oct20.tif,190,243,1,train
045_HAADF_15nm_Sample_PtNC_20Oct20_290_271.tif,045_HAADF_15nm_Sample_PtNC_20Oct20.tif,290,271,1,train
027_HAADF_15nm_Sample_PtNC_21Oct20_192_403.tif,027_HAADF_15nm_Sample_PtNC_21Oct20.tif,192,403,1,train
045_HAADF_15nm_Sample_PtNC_20Oct20_67_370.tif,045_HAADF_15nm_Sample_PtNC_20Oct20.tif,67,370,1,train
047_HAADF_15nm_Sample_PtNC_21Oct20_74_94.tif,047_HAADF_15nm_Sample_PtNC_21Oct20.tif,74,94,1,train
048_HAADF_15nm_Sample_PtNC_21Oct20_298_365.tif,048_HAADF_15nm_Sample_PtNC_21Oct20.tif,298,365,1,train
027_HAADF_15nm_Sample_PtNC_21Oct20_148_274.tif,027_HAADF_15nm_Sample_PtNC_21Oct20.tif,148,274,1,train
025_HAADF_15nm_Sample_PtNC_21Oct20_64_35.tif,025_HAADF_15nm_Sample_PtNC_21Oct20.tif,64,35,1,train
045_HAADF_15nm_Sample_PtNC_20Oct20_331_324.tif,045_HAADF_15nm_Sample_PtNC_20Oct20.tif,331,324,1,train
049_HAADF_15nm_Sample_PtNC_20Oct20_331_97.tif,049_HAADF_15nm_Sample_PtNC_20Oct20.tif,331,97,1,train
038_HAADF_15nm_Sample_PtNC_21Oct20_378_420.tif,038_HAADF_15nm_Sample_PtNC_21Oct20.tif,378,420,1,train
051_HAADF_15nm_Sample_PtNC_21Oct20_407_274.tif,051_HAADF_15nm_Sample_PtNC_21Oct20.tif,407,274,1,train
047_HAADF_15nm_Sample_PtNC_21Oct20_191_254.tif,047_HAADF_15nm_Sample_PtNC_21Oct20.tif,191,254,1,train
034_HAADF_15nm_Sample_PtNC_20Oct20_85_463.tif,034_HAADF_15nm_Sample_PtNC_20Oct20.tif,85,463,1,train
037_HAADF_15nm_Sample_PtNC_20Oct20_300_422.tif,037_HAADF_15nm_Sample_PtNC_20Oct20.tif,300,422,1,train
051_HAADF_15nm_Sample_PtNC_21Oct20_147_240.tif,051_HAADF_15nm_Sample_PtNC_21Oct20.tif,147,240,1,train
021_HAADF_15nm_Sample_PtNC_21Oct20_438_338.tif,021_HAADF_15nm_Sample_PtNC_21Oct20.tif,438,338,1,train
025_HAADF_15nm_Sample_PtNC_21Oct20_113_30.tif,025_HAADF_15nm_Sample_PtNC_21Oct20.tif,113,30,1,train
051_HAADF_15nm_Sample_PtNC_21Oct20_463_56.tif,051_HAADF_15nm_Sample_PtNC_21Oct20.tif,463,56,1,train
049_HAADF_15nm_Sample_PtNC_20Oct20_363_334.tif,049_HAADF_15nm_Sample_PtNC_20Oct20.tif,363,334,1,train
049_HAADF_15nm_Sample_PtNC_20Oct20_97_202.tif,049_HAADF_15nm_Sample_PtNC_20Oct20.tif,97,202,1,train
021_HAADF_15nm_Sample_PtNC_21Oct20_247_266.tif,021_HAADF_15nm_Sample_PtNC_21Oct20.tif,247,266,1,train
051_HAADF_15nm_Sample_PtNC_21Oct20_299_220.tif,051_HAADF_15nm_Sample_PtNC_21Oct20.tif,299,220,1,train
049_HAADF_15nm_Sample_PtNC_20Oct20_78_9.tif,049_HAADF_15nm_Sample_PtNC_20Oct20.tif,78,9,1,train
048_HAADF_15nm_Sample_PtNC_21Oct20_222_240.tif,048_HAADF_15nm_Sample_PtNC_21Oct20.tif,222,240,1,train
045_HAADF_15nm_Sample_PtNC_20Oct20_296_364.tif,045_HAADF_15nm_Sample_PtNC_20Oct20.tif,296,364,1,train
034_HAADF_15nm_Sample_PtNC_20Oct20_246_363.tif,034_HAADF_15nm_Sample_PtNC_20Oct20.tif,246,363,1,train
048_HAADF_15nm_Sample_PtNC_21Oct20_487_205.tif,048_HAADF_15nm_Sample_PtNC_21Oct20.tif,487,205,1,train
049_HAADF_15nm_Sample_PtNC_20Oct20_91_317.tif,049_HAADF_15nm_Sample_PtNC_20Oct20.tif,91,317,1,train
034_HAADF_15nm_Sample_PtNC_20Oct20_280_336.tif,034_HAADF_15nm_Sample_PtNC_20Oct20.tif,280,336,0,train
049_HAADF_15nm_Sample_PtNC_20Oct20_124_47.tif,049_HAADF_15nm_Sample_PtNC_20Oct20.tif,124,47,0,train
051_HAADF_15nm_Sample_PtNC_21Oct20_384_261.tif,051_HAADF_15nm_Sample_PtNC_21Oct20.tif,384,261,0,train
037_HAADF_15nm_Sample_PtNC_20Oct20_276_99.tif,037_HAADF_15nm_Sample_PtNC_20Oct20.tif,276,99,0,train
051_HAADF_15nm_Sample_PtNC_21Oct20_65_338.tif,051_HAADF_15nm_Sample_PtNC_21Oct20.tif,65,338,0,train
048_HAADF_15nm_Sample_PtNC_21Oct20_362_228.tif,048_HAADF_15nm_Sample_PtNC_21Oct20.tif,362,228,0,train
038_HAADF_15nm_Sample_PtNC_21Oct20_173_491.tif,038_HAADF_15nm_Sample_PtNC_21Oct20.tif,173,491,0,train
021_HAADF_15nm_Sample_PtNC_21Oct20_16_355.tif,021_HAADF_15nm_Sample_PtNC_21Oct20.tif,16,355,0,train
051_HAADF_15nm_Sample_PtNC_21Oct20_475_92.tif,051_HAADF_15nm_Sample_PtNC_21Oct20.tif,475,92,0,train
021_HAADF_15nm_Sample_PtNC_21Oct20_38_53.tif,021_HAADF_15nm_Sample_PtNC_21Oct20.tif,38,53,0,train
049_HAADF_15nm_Sample_PtNC_20Oct20_274_46.tif,049_HAADF_15nm_Sample_PtNC_20Oct20.tif,274,46,0,train
021_HAADF_15nm_Sample_PtNC_21Oct20_347_321.tif,021_HAADF_15nm_Sample_PtNC_21Oct20.tif,347,321,0,train
037_HAADF_15nm_Sample_PtNC_20Oct20_227_176.tif,037_HAADF_15nm_Sample_PtNC_20Oct20.tif,227,176,0,train
049_HAADF_15nm_Sample_PtNC_20Oct20_456_488.tif,049_HAADF_15nm_Sample_PtNC_20Oct20.tif,456,488,0,train
034_HAADF_15nm_Sample_PtNC_20Oct20_87_501.tif,034_HAADF_15nm_Sample_PtNC_20Oct20.tif,87,501,0,train
051_HAADF_15nm_Sample_PtNC_21Oct20_279_490.tif,051_HAADF_15nm_Sample_PtNC_21Oct20.tif,279,490,0,train
051_HAADF_15nm_Sample_PtNC_21Oct20_89_472.tif,051_HAADF_15nm_Sample_PtNC_21Oct20.tif,89,472,0,train
047_HAADF_15nm_Sample_PtNC_21Oct20_118_349.tif,047_HAADF_15nm_Sample_PtNC_21Oct20.tif,118,349,0,train
038_HAADF_15nm_Sample_PtNC_21Oct20_313_296.tif,038_HAADF_15nm_Sample_PtNC_21Oct20.tif,313,296,0,train
025_HAADF_15nm_Sample_PtNC_21Oct20_330_4.tif,025_HAADF_15nm_Sample_PtNC_21Oct20.tif,330,4,0,train
027_HAADF_15nm_Sample_PtNC_21Oct20_83_294.tif,027_HAADF_15nm_Sample_PtNC_21Oct20.tif,83,294,0,train
027_HAADF_15nm_Sample_PtNC_21Oct20_31_398.tif,027_HAADF_15nm_Sample_PtNC_21Oct20.tif,31,398,0,train
034_HAADF_15nm_Sample_PtNC_20Oct20_324_42.tif,034_HAADF_15nm_Sample_PtNC_20Oct20.tif,324,42,0,train
025_HAADF_15nm_Sample_PtNC_21Oct20_407_138.tif,025_HAADF_15nm_Sample_PtNC_21Oct20.tif,407,138,0,train
047_HAADF_15nm_Sample_PtNC_21Oct20_202_155.tif,047_HAADF_15nm_Sample_PtNC_21Oct20.tif,202,155,0,train
051_HAADF_15nm_Sample_PtNC_21Oct20_171_425.tif,051_HAADF_15nm_Sample_PtNC_21Oct20.tif,171,425,0,train
047_HAADF_15nm_Sample_PtNC_21Oct20_109_238.tif,047_HAADF_15nm_Sample_PtNC_21Oct20.tif,109,238,0,train
037_HAADF_15nm_Sample_PtNC_20Oct20_121_182.tif,037_HAADF_15nm_Sample_PtNC_20Oct20.tif,121,182,0,train
027_HAADF_15nm_Sample_PtNC_21Oct20_251_164.tif,027_HAADF_15nm_Sample_PtNC_21Oct20.tif,251,164,0,train
051_HAADF_15nm_Sample_PtNC_21Oct20_166_308.tif,051_HAADF_15nm_Sample_PtNC_21Oct20.tif,166,308,0,train
049_HAADF_15nm_Sample_PtNC_20Oct20_215_199.tif,049_HAADF_15nm_Sample_PtNC_20Oct20.tif,215,199,0,train
038_HAADF_15nm_Sample_PtNC_21Oct20_116_297.tif,038_HAADF_15nm_Sample_PtNC_21Oct20.tif,116,297,0,train
021_HAADF_15nm_Sample_PtNC_21Oct20_302_506.tif,021_HAADF_15nm_Sample_PtNC_21Oct20.tif,302,506,0,train
049_HAADF_15nm_Sample_PtNC_20Oct20_194_505.tif,049_HAADF_15nm_Sample_PtNC_20Oct20.tif,194,505,0,train
048_HAADF_15nm_Sample_PtNC_21Oct20_110_108.tif,048_HAADF_15nm_Sample_PtNC_21Oct20.tif,110,108,0,train
045_HAADF_15nm_Sample_PtNC_20Oct20_159_351.tif,045_HAADF_15nm_Sample_PtNC_20Oct20.tif,159,351,0,train
048_HAADF_15nm_Sample_PtNC_21Oct20_220_92.tif,048_HAADF_15nm_Sample_PtNC_21Oct20.tif,220,92,0,train
034_HAADF_15nm_Sample_PtNC_20Oct20_311_219.tif,034_HAADF_15nm_Sample_PtNC_20Oct20.tif,311,219,0,train
048_HAADF_15nm_Sample_PtNC_21Oct20_426_338.tif,048_HAADF_15nm_Sample_PtNC_21Oct20.tif,426,338,0,train
021_HAADF_15nm_Sample_PtNC_21Oct20_455_271.tif,021_HAADF_15nm_Sample_PtNC_21Oct20.tif,455,271,0,train
051_HAADF_15nm_Sample_PtNC_21Oct20_394_394.tif,051_HAADF_15nm_Sample_PtNC_21Oct20.tif,394,394,0,train
034_HAADF_15nm_Sample_PtNC_20Oct20_218_361.tif,034_HAADF_15nm_Sample_PtNC_20Oct20.tif,218,361,0,train
045_HAADF_15nm_Sample_PtNC_20Oct20_411_64.tif,045_HAADF_15nm_Sample_PtNC_20Oct20.tif,411,64,0,train
051_HAADF_15nm_Sample_PtNC_21Oct20_57_360.tif,051_HAADF_15nm_Sample_PtNC_21Oct20.tif,57,360,0,train
021_HAADF_15nm_Sample_PtNC_21Oct20_325_263.tif,021_HAADF_15nm_Sample_PtNC_21Oct20.tif,325,263,0,train
037_HAADF_15nm_Sample_PtNC_20Oct20_381_270.tif,037_HAADF_15nm_Sample_PtNC_20Oct20.tif,381,270,0,train
051_HAADF_15nm_Sample_PtNC_21Oct20_86_108.tif,051_HAADF_15nm_Sample_PtNC_21Oct20.tif,86,108,0,train
048_HAADF_15nm_Sample_PtNC_21Oct20_183_162.tif,048_HAADF_15nm_Sample_PtNC_21Oct20.tif,183,162,0,train
025_HAADF_15nm_Sample_PtNC_21Oct20_16_341.tif,025_HAADF_15nm_Sample_PtNC_21Oct20.tif,16,341,0,train
049_HAADF_15nm_Sample_PtNC_20Oct20_10_129.tif,049_HAADF_15nm_Sample_PtNC_20Oct20.tif,10,129,0,train
048_HAADF_15nm_Sample_PtNC_21Oct20_389_385.tif,048_HAADF_15nm_Sample_PtNC_21Oct20.tif,389,385,0,train
027_HAADF_15nm_Sample_PtNC_21Oct20_375_20.tif,027_HAADF_15nm_Sample_PtNC_21Oct20.tif,375,20,0,train
027_HAADF_15nm_Sample_PtNC_21Oct20_82_437.tif,027_HAADF_15nm_Sample_PtNC_21Oct20.tif,82,437,0,train
051_HAADF_15nm_Sample_PtNC_21Oct20_85_109.tif,051_HAADF_15nm_Sample_PtNC_21Oct20.tif,85,109,0,train
047_HAADF_15nm_Sample_PtNC_21Oct20_211_422.tif,047_HAADF_15nm_Sample_PtNC_21Oct20.tif,211,422,0,train
025_HAADF_15nm_Sample_PtNC_21Oct20_272_85.tif,025_HAADF_15nm_Sample_PtNC_21Oct20.tif,272,85,0,train
021_HAADF_15nm_Sample_PtNC_21Oct20_202_60.tif,021_HAADF_15nm_Sample_PtNC_21Oct20.tif,202,60,0,train
037_HAADF_15nm_Sample_PtNC_20Oct20_349_181.tif,037_HAADF_15nm_Sample_PtNC_20Oct20.tif,349,181,0,train
037_HAADF_15nm_Sample_PtNC_20Oct20_240_94.tif,037_HAADF_15nm_Sample_PtNC_20Oct20.tif,240,94,0,train
051_HAADF_15nm_Sample_PtNC_21Oct20_467_137.tif,051_HAADF_15nm_Sample_PtNC_21Oct20.tif,467,137,0,train
034_HAADF_15nm_Sample_PtNC_20Oct20_324_121.tif,034_HAADF_15nm_Sample_PtNC_20Oct20.tif,324,121,0,train
034_HAADF_15nm_Sample_PtNC_20Oct20_180_94.tif,034_HAADF_15nm_Sample_PtNC_20Oct20.tif,180,94,0,train
051_HAADF_15nm_Sample_PtNC_21Oct20_271_108.tif,051_HAADF_15nm_Sample_PtNC_21Oct20.tif,271,108,0,train
027_HAADF_15nm_Sample_PtNC_21Oct20_49_375.tif,027_HAADF_15nm_Sample_PtNC_21Oct20.tif,49,375,0,train
051_HAADF_15nm_Sample_PtNC_21Oct20_495_63.tif,051_HAADF_15nm_Sample_PtNC_21Oct20.tif,495,63,0,train
048_HAADF_15nm_Sample_PtNC_21Oct20_85_483.tif,048_HAADF_15nm_Sample_PtNC_21Oct20.tif,85,483,0,train
047_HAADF_15nm_Sample_PtNC_21Oct20_159_449.tif,047_HAADF_15nm_Sample_PtNC_21Oct20.tif,159,449,0,train
021_HAADF_15nm_Sample_PtNC_21Oct20_87_433.tif,021_HAADF_15nm_Sample_PtNC_21Oct20.tif,87,433,0,train
037_HAADF_15nm_Sample_PtNC_20Oct20_360_74.tif,037_HAADF_15nm_Sample_PtNC_20Oct20.tif,360,74,0,train
051_HAADF_15nm_Sample_PtNC_21Oct20_171_34.tif,051_HAADF_15nm_Sample_PtNC_21Oct20.tif,171,34,0,train
025_HAADF_15nm_Sample_PtNC_21Oct20_190_95.tif,025_HAADF_15nm_Sample_PtNC_21Oct20.tif,190,95,0,train
038_HAADF_15nm_Sample_PtNC_21Oct20_348_179.tif,038_HAADF_15nm_Sample_PtNC_21Oct20.tif,348,179,0,train
025_HAADF_15nm_Sample_PtNC_21Oct20_235_125.tif,025_HAADF_15nm_Sample_PtNC_21Oct20.tif,235,125,0,train
027_HAADF_15nm_Sample_PtNC_21Oct20_259_288.tif,027_HAADF_15nm_Sample_PtNC_21Oct20.tif,259,288,0,train
021_HAADF_15nm_Sample_PtNC_21Oct20_455_365.tif,021_HAADF_15nm_Sample_PtNC_21Oct20.tif,455,365,0,train
034_HAADF_15nm_Sample_PtNC_20Oct20_99_509.tif,034_HAADF_15nm_Sample_PtNC_20Oct20.tif,99,509,0,train
048_HAADF_15nm_Sample_PtNC_21Oct20_105_268.tif,048_HAADF_15nm_Sample_PtNC_21Oct20.tif,105,268,0,train
051_HAADF_15nm_Sample_PtNC_21Oct20_284_2.tif,051_HAADF_15nm_Sample_PtNC_21Oct20.tif,284,2,0,train
049_HAADF_15nm_Sample_PtNC_20Oct20_467_234.tif,049_HAADF_15nm_Sample_PtNC_20Oct20.tif,467,234,0,train
049_HAADF_15nm_Sample_PtNC_20Oct20_335_449.tif,049_HAADF_15nm_Sample_PtNC_20Oct20.tif,335,449,0,train
034_HAADF_15nm_Sample_PtNC_20Oct20_203_343.tif,034_HAADF_15nm_Sample_PtNC_20Oct20.tif,203,343,0,train
027_HAADF_15nm_Sample_PtNC_21Oct20_381_276.tif,027_HAADF_15nm_Sample_PtNC_21Oct20.tif,381,276,0,train
045_HAADF_15nm_Sample_PtNC_20Oct20_81_51.tif,045_HAADF_15nm_Sample_PtNC_20Oct20.tif,81,51,0,train
051_HAADF_15nm_Sample_PtNC_21Oct20_89_277.tif,051_HAADF_15nm_Sample_PtNC_21Oct20.tif,89,277,0,train
049_HAADF_15nm_Sample_PtNC_20Oct20_353_76.tif,049_HAADF_15nm_Sample_PtNC_20Oct20.tif,353,76,0,train
048_HAADF_15nm_Sample_PtNC_21Oct20_331_311.tif,048_HAADF_15nm_Sample_PtNC_21Oct20.tif,331,311,0,train
051_HAADF_15nm_Sample_PtNC_21Oct20_14_447.tif,051_HAADF_15nm_Sample_PtNC_21Oct20.tif,14,447,0,train
025_HAADF_15nm_Sample_PtNC_21Oct20_225_276.tif,025_HAADF_15nm_Sample_PtNC_21Oct20.tif,225,276,0,train
047_HAADF_15nm_Sample_PtNC_21Oct20_266_29.tif,047_HAADF_15nm_Sample_PtNC_21Oct20.tif,266,29,0,train
034_HAADF_15nm_Sample_PtNC_20Oct20_45_53.tif,034_HAADF_15nm_Sample_PtNC_20Oct20.tif,45,53,0,train
048_HAADF_15nm_Sample_PtNC_21Oct20_377_239.tif,048_HAADF_15nm_Sample_PtNC_21Oct20.tif,377,239,0,train
038_HAADF_15nm_Sample_PtNC_21Oct20_415_270.tif,038_HAADF_15nm_Sample_PtNC_21Oct20.tif,415,270,0,train
045_HAADF_15nm_Sample_PtNC_20Oct20_51_481.tif,045_HAADF_15nm_Sample_PtNC_20Oct20.tif,51,481,0,train
047_HAADF_15nm_Sample_PtNC_21Oct20_204_95.tif,047_HAADF_15nm_Sample_PtNC_21Oct20.tif,204,95,0,train
047_HAADF_15nm_Sample_PtNC_21Oct20_181_321.tif,047_HAADF_15nm_Sample_PtNC_21Oct20.tif,181,321,0,train
049_HAADF_15nm_Sample_PtNC_20Oct20_190_446.tif,049_HAADF_15nm_Sample_PtNC_20Oct20.tif,190,446,0,train
034_HAADF_15nm_Sample_PtNC_20Oct20_37_272.tif,034_HAADF_15nm_Sample_PtNC_20Oct20.tif,37,272,0,train
051_HAADF_15nm_Sample_PtNC_21Oct20_95_413.tif,051_HAADF_15nm_Sample_PtNC_21Oct20.tif,95,413,0,train
047_HAADF_15nm_Sample_PtNC_21Oct20_153_474.tif,047_HAADF_15nm_Sample_PtNC_21Oct20.tif,153,474,0,train
037_HAADF_15nm_Sample_PtNC_20Oct20_341_115.tif,037_HAADF_15nm_Sample_PtNC_20Oct20.tif,341,115,0,train
051_HAADF_15nm_Sample_PtNC_21Oct20_342_432.tif,051_HAADF_15nm_Sample_PtNC_21Oct20.tif,342,432,0,train
048_HAADF_15nm_Sample_PtNC_21Oct20_443_187.tif,048_HAADF_15nm_Sample_PtNC_21Oct20.tif,443,187,0,train
047_HAADF_15nm_Sample_PtNC_21Oct20_478_216.tif,047_HAADF_15nm_Sample_PtNC_21Oct20.tif,478,216,0,train
037_HAADF_15nm_Sample_PtNC_20Oct20_334_356.tif,037_HAADF_15nm_Sample_PtNC_20Oct20.tif,334,356,0,train
047_HAADF_15nm_Sample_PtNC_21Oct20_153_151.tif,047_HAADF_15nm_Sample_PtNC_21Oct20.tif,153,151,0,train
051_HAADF_15nm_Sample_PtNC_21Oct20_90_327.tif,051_HAADF_15nm_Sample_PtNC_21Oct20.tif,90,327,0,train
025_HAADF_15nm_Sample_PtNC_21Oct20_182_34.tif,025_HAADF_15nm_Sample_PtNC_21Oct20.tif,182,34,0,train
045_HAADF_15nm_Sample_PtNC_20Oct20_276_341.tif,045_HAADF_15nm_Sample_PtNC_20Oct20.tif,276,341,0,train
034_HAADF_15nm_Sample_PtNC_20Oct20_16_278.tif,034_HAADF_15nm_Sample_PtNC_20Oct20.tif,16,278,0,train
038_HAADF_15nm_Sample_PtNC_21Oct20_238_340.tif,038_HAADF_15nm_Sample_PtNC_21Oct20.tif,238,340,0,train
048_HAADF_15nm_Sample_PtNC_21Oct20_284_238.tif,048_HAADF_15nm_Sample_PtNC_21Oct20.tif,284,238,0,train
051_HAADF_15nm_Sample_PtNC_21Oct20_508_87.tif,051_HAADF_15nm_Sample_PtNC_21Oct20.tif,508,87,0,train
045_HAADF_15nm_Sample_PtNC_20Oct20_150_164.tif,045_HAADF_15nm_Sample_PtNC_20Oct20.tif,150,164,0,train
048_HAADF_15nm_Sample_PtNC_21Oct20_426_352.tif,048_HAADF_15nm_Sample_PtNC_21Oct20.tif,426,352,0,train
034_HAADF_15nm_Sample_PtNC_20Oct20_232_321.tif,034_HAADF_15nm_Sample_PtNC_20Oct20.tif,232,321,0,train
037_HAADF_15nm_Sample_PtNC_20Oct20_233_154.tif,037_HAADF_15nm_Sample_PtNC_20Oct20.tif,233,154,0,train
025_HAADF_15nm_Sample_PtNC_21Oct20_20_323.tif,025_HAADF_15nm_Sample_PtNC_21Oct20.tif,20,323,0,train
027_HAADF_15nm_Sample_PtNC_21Oct20_104_171.tif,027_HAADF_15nm_Sample_PtNC_21Oct20.tif,104,171,0,train
038_HAADF_15nm_Sample_PtNC_21Oct20_169_118.tif,038_HAADF_15nm_Sample_PtNC_21Oct20.tif,169,118,0,train
025_HAADF_15nm_Sample_PtNC_21Oct20_23_472.tif,025_HAADF_15nm_Sample_PtNC_21Oct20.tif,23,472,0,train
051_HAADF_15nm_Sample_PtNC_21Oct20_121_270.tif,051_HAADF_15nm_Sample_PtNC_21Oct20.tif,121,270,0,train
045_HAADF_15nm_Sample_PtNC_20Oct20_41_118.tif,045_HAADF_15nm_Sample_PtNC_20Oct20.tif,41,118,0,train
037_HAADF_15nm_Sample_PtNC_20Oct20_425_126.tif,037_HAADF_15nm_Sample_PtNC_20Oct20.tif,425,126,0,train
034_HAADF_15nm_Sample_PtNC_20Oct20_74_476.tif,034_HAADF_15nm_Sample_PtNC_20Oct20.tif,74,476,0,train
025_HAADF_15nm_Sample_PtNC_21Oct20_387_199.tif,025_HAADF_15nm_Sample_PtNC_21Oct20.tif,387,199,0,train
027_HAADF_15nm_Sample_PtNC_21Oct20_14_195.tif,027_HAADF_15nm_Sample_PtNC_21Oct20.tif,14,195,0,train
048_HAADF_15nm_Sample_PtNC_21Oct20_118_125.tif,048_HAADF_15nm_Sample_PtNC_21Oct20.tif,118,125,0,train
025_HAADF_15nm_Sample_PtNC_21Oct20_44_91.tif,025_HAADF_15nm_Sample_PtNC_21Oct20.tif,44,91,0,train
048_HAADF_15nm_Sample_PtNC_21Oct20_286_228.tif,048_HAADF_15nm_Sample_PtNC_21Oct20.tif,286,228,0,train
051_HAADF_15nm_Sample_PtNC_21Oct20_302_222.tif,051_HAADF_15nm_Sample_PtNC_21Oct20.tif,302,222,0,train
051_HAADF_15nm_Sample_PtNC_21Oct20_157_209.tif,051_HAADF_15nm_Sample_PtNC_21Oct20.tif,157,209,0,train
037_HAADF_15nm_Sample_PtNC_20Oct20_467_377.tif,037_HAADF_15nm_Sample_PtNC_20Oct20.tif,467,377,0,train
027_HAADF_15nm_Sample_PtNC_21Oct20_40_64.tif,027_HAADF_15nm_Sample_PtNC_21Oct20.tif,40,64,0,train
051_HAADF_15nm_Sample_PtNC_21Oct20_205_360.tif,051_HAADF_15nm_Sample_PtNC_21Oct20.tif,205,360,0,train
048_HAADF_15nm_Sample_PtNC_21Oct20_67_501.tif,048_HAADF_15nm_Sample_PtNC_21Oct20.tif,67,501,0,train
047_HAADF_15nm_Sample_PtNC_21Oct20_328_413.tif,047_HAADF_15nm_Sample_PtNC_21Oct20.tif,328,413,0,train
045_HAADF_15nm_Sample_PtNC_20Oct20_486_487.tif,045_HAADF_15nm_Sample_PtNC_20Oct20.tif,486,487,0,train
049_HAADF_15nm_Sample_PtNC_20Oct20_453_24.tif,049_HAADF_15nm_Sample_PtNC_20Oct20.tif,453,24,0,train
034_HAADF_15nm_Sample_PtNC_20Oct20_105_405.tif,034_HAADF_15nm_Sample_PtNC_20Oct20.tif,105,405,0,train
047_HAADF_15nm_Sample_PtNC_21Oct20_136_463.tif,047_HAADF_15nm_Sample_PtNC_21Oct20.tif,136,463,0,train
049_HAADF_15nm_Sample_PtNC_20Oct20_439_357.tif,049_HAADF_15nm_Sample_PtNC_20Oct20.tif,439,357,0,train
034_HAADF_15nm_Sample_PtNC_20Oct20_346_84.tif,034_HAADF_15nm_Sample_PtNC_20Oct20.tif,346,84,0,train
047_HAADF_15nm_Sample_PtNC_21Oct20_419_153.tif,047_HAADF_15nm_Sample_PtNC_21Oct20.tif,419,153,0,train
025_HAADF_15nm_Sample_PtNC_21Oct20_109_398.tif,025_HAADF_15nm_Sample_PtNC_21Oct20.tif,109,398,0,train
025_HAADF_15nm_Sample_PtNC_21Oct20_62_23.tif,025_HAADF_15nm_Sample_PtNC_21Oct20.tif,62,23,0,train
051_HAADF_15nm_Sample_PtNC_21Oct20_63_249.tif,051_HAADF_15nm_Sample_PtNC_21Oct20.tif,63,249,0,train
038_HAADF_15nm_Sample_PtNC_21Oct20_274_330.tif,038_HAADF_15nm_Sample_PtNC_21Oct20.tif,274,330,0,train
047_HAADF_15nm_Sample_PtNC_21Oct20_254_423.tif,047_HAADF_15nm_Sample_PtNC_21Oct20.tif,254,423,0,train
047_HAADF_15nm_Sample_PtNC_21Oct20_227_319.tif,047_HAADF_15nm_Sample_PtNC_21Oct20.tif,227,319,0,train
021_HAADF_15nm_Sample_PtNC_21Oct20_280_295.tif,021_HAADF_15nm_Sample_PtNC_21Oct20.tif,280,295,0,train
047_HAADF_15nm_Sample_PtNC_21Oct20_40_370.tif,047_HAADF_15nm_Sample_PtNC_21Oct20.tif,40,370,0,train
021_HAADF_15nm_Sample_PtNC_21Oct20_50_318.tif,021_HAADF_15nm_Sample_PtNC_21Oct20.tif,50,318,0,train
037_HAADF_15nm_Sample_PtNC_20Oct20_83_480.tif,037_HAADF_15nm_Sample_PtNC_20Oct20.tif,83,480,0,train
027_HAADF_15nm_Sample_PtNC_21Oct20_347_186.tif,027_HAADF_15nm_Sample_PtNC_21Oct20.tif,347,186,0,train
027_HAADF_15nm_Sample_PtNC_21Oct20_511_266.tif,027_HAADF_15nm_Sample_PtNC_21Oct20.tif,511,266,0,train
037_HAADF_15nm_Sample_PtNC_20Oct20_435_379.tif,037_HAADF_15nm_Sample_PtNC_20Oct20.tif,435,379,0,train
025_HAADF_15nm_Sample_PtNC_21Oct20_295_336.tif,025_HAADF_15nm_Sample_PtNC_21Oct20.tif,295,336,0,train
045_HAADF_15nm_Sample_PtNC_20Oct20_64_68.tif,045_HAADF_15nm_Sample_PtNC_20Oct20.tif,64,68,0,train
025_HAADF_15nm_Sample_PtNC_21Oct20_472_399.tif,025_HAADF_15nm_Sample_PtNC_21Oct20.tif,472,399,0,train
025_HAADF_15nm_Sample_PtNC_21Oct20_263_384.tif,025_HAADF_15nm_Sample_PtNC_21Oct20.tif,263,384,0,train
021_HAADF_15nm_Sample_PtNC_21Oct20_360_307.tif,021_HAADF_15nm_Sample_PtNC_21Oct20.tif,360,307,0,train
051_HAADF_15nm_Sample_PtNC_21Oct20_22_293.tif,051_HAADF_15nm_Sample_PtNC_21Oct20.tif,22,293,0,train
025_HAADF_15nm_Sample_PtNC_21Oct20_228_378.tif,025_HAADF_15nm_Sample_PtNC_21Oct20.tif,228,378,0,train
048_HAADF_15nm_Sample_PtNC_21Oct20_72_295.tif,048_HAADF_15nm_Sample_PtNC_21Oct20.tif,72,295,0,train
025_HAADF_15nm_Sample_PtNC_21Oct20_314_37.tif,025_HAADF_15nm_Sample_PtNC_21Oct20.tif,314,37,0,train
038_HAADF_15nm_Sample_PtNC_21Oct20_174_442.tif,038_HAADF_15nm_Sample_PtNC_21Oct20.tif,174,442,0,train
034_HAADF_15nm_Sample_PtNC_20Oct20_510_15.tif,034_HAADF_15nm_Sample_PtNC_20Oct20.tif,510,15,0,train
025_HAADF_15nm_Sample_PtNC_21Oct20_339_342.tif,025_HAADF_15nm_Sample_PtNC_21Oct20.tif,339,342,0,train
037_HAADF_15nm_Sample_PtNC_20Oct20_3_426.tif,037_HAADF_15nm_Sample_PtNC_20Oct20.tif,3,426,0,train
051_HAADF_15nm_Sample_PtNC_21Oct20_173_198.tif,051_HAADF_15nm_Sample_PtNC_21Oct20.tif,173,198,0,train
047_HAADF_15nm_Sample_PtNC_21Oct20_167_123.tif,047_HAADF_15nm_Sample_PtNC_21Oct20.tif,167,123,0,train
037_HAADF_15nm_Sample_PtNC_20Oct20_124_202.tif,037_HAADF_15nm_Sample_PtNC_20Oct20.tif,124,202,0,train
021_HAADF_15nm_Sample_PtNC_21Oct20_376_128.tif,021_HAADF_15nm_Sample_PtNC_21Oct20.tif,376,128,0,train
045_HAADF_15nm_Sample_PtNC_20Oct20_478_240.tif,045_HAADF_15nm_Sample_PtNC_20Oct20.tif,478,240,0,train
047_HAADF_15nm_Sample_PtNC_21Oct20_509_497.tif,047_HAADF_15nm_Sample_PtNC_21Oct20.tif,509,497,0,train
048_HAADF_15nm_Sample_PtNC_21Oct20_138_369.tif,048_HAADF_15nm_Sample_PtNC_21Oct20.tif,138,369,0,train
034_HAADF_15nm_Sample_PtNC_20Oct20_214_216.tif,034_HAADF_15nm_Sample_PtNC_20Oct20.tif,214,216,0,train
037_HAADF_15nm_Sample_PtNC_20Oct20_81_463.tif,037_HAADF_15nm_Sample_PtNC_20Oct20.tif,81,463,0,train
034_HAADF_15nm_Sample_PtNC_20Oct20_82_371.tif,034_HAADF_15nm_Sample_PtNC_20Oct20.tif,82,371,0,train
045_HAADF_15nm_Sample_PtNC_20Oct20_98_397.tif,045_HAADF_15nm_Sample_PtNC_20Oct20.tif,98,397,0,train
025_HAADF_15nm_Sample_PtNC_21Oct20_116_375.tif,025_HAADF_15nm_Sample_PtNC_21Oct20.tif,116,375,0,train
027_HAADF_15nm_Sample_PtNC_21Oct20_189_182.tif,027_HAADF_15nm_Sample_PtNC_21Oct20.tif,189,182,0,train
048_HAADF_15nm_Sample_PtNC_21Oct20_271_377.tif,048_HAADF_15nm_Sample_PtNC_21Oct20.tif,271,377,0,train
051_HAADF_15nm_Sample_PtNC_21Oct20_310_485.tif,051_HAADF_15nm_Sample_PtNC_21Oct20.tif,310,485,0,train
051_HAADF_15nm_Sample_PtNC_21Oct20_296_19.tif,051_HAADF_15nm_Sample_PtNC_21Oct20.tif,296,19,0,train
048_HAADF_15nm_Sample_PtNC_21Oct20_31_28.tif,048_HAADF_15nm_Sample_PtNC_21Oct20.tif,31,28,0,train
037_HAADF_15nm_Sample_PtNC_20Oct20_169_298.tif,037_HAADF_15nm_Sample_PtNC_20Oct20.tif,169,298,0,train
045_HAADF_15nm_Sample_PtNC_20Oct20_272_438.tif,045_HAADF_15nm_Sample_PtNC_20Oct20.tif,272,438,0,train
021_HAADF_15nm_Sample_PtNC_21Oct20_71_157.tif,021_HAADF_15nm_Sample_PtNC_21Oct20.tif,71,157,0,train
047_HAADF_15nm_Sample_PtNC_21Oct20_172_123.tif,047_HAADF_15nm_Sample_PtNC_21Oct20.tif,172,123,0,train
048_HAADF_15nm_Sample_PtNC_21Oct20_201_243.tif,048_HAADF_15nm_Sample_PtNC_21Oct20.tif,201,243,0,train
047_HAADF_15nm_Sample_PtNC_21Oct20_50_360.tif,047_HAADF_15nm_Sample_PtNC_21Oct20.tif,50,360,0,train
049_HAADF_15nm_Sample_PtNC_20Oct20_300_345.tif,049_HAADF_15nm_Sample_PtNC_20Oct20.tif,300,345,0,train
027_HAADF_15nm_Sample_PtNC_21Oct20_259_27.tif,027_HAADF_15nm_Sample_PtNC_21Oct20.tif,259,27,0,train
038_HAADF_15nm_Sample_PtNC_21Oct20_2_32.tif,038_HAADF_15nm_Sample_PtNC_21Oct20.tif,2,32,0,train
038_HAADF_15nm_Sample_PtNC_21Oct20_41_499.tif,038_HAADF_15nm_Sample_PtNC_21Oct20.tif,41,499,0,train
051_HAADF_15nm_Sample_PtNC_21Oct20_177_458.tif,051_HAADF_15nm_Sample_PtNC_21Oct20.tif,177,458,0,train
048_HAADF_15nm_Sample_PtNC_21Oct20_377_185.tif,048_HAADF_15nm_Sample_PtNC_21Oct20.tif,377,185,0,train
034_HAADF_15nm_Sample_PtNC_20Oct20_352_393.tif,034_HAADF_15nm_Sample_PtNC_20Oct20.tif,352,393,0,train
051_HAADF_15nm_Sample_PtNC_21Oct20_285_50.tif,051_HAADF_15nm_Sample_PtNC_21Oct20.tif,285,50,0,train
027_HAADF_15nm_Sample_PtNC_21Oct20_371_43.tif,027_HAADF_15nm_Sample_PtNC_21Oct20.tif,371,43,0,train
038_HAADF_15nm_Sample_PtNC_21Oct20_379_190.tif,038_HAADF_15nm_Sample_PtNC_21Oct20.tif,379,190,0,train
048_HAADF_15nm_Sample_PtNC_21Oct20_412_106.tif,048_HAADF_15nm_Sample_PtNC_21Oct20.tif,412,106,0,train
034_HAADF_15nm_Sample_PtNC_20Oct20_323_371.tif,034_HAADF_15nm_Sample_PtNC_20Oct20.tif,323,371,0,train
047_HAADF_15nm_Sample_PtNC_21Oct20_181_131.tif,047_HAADF_15nm_Sample_PtNC_21Oct20.tif,181,131,0,train
045_HAADF_15nm_Sample_PtNC_20Oct20_506_51.tif,045_HAADF_15nm_Sample_PtNC_20Oct20.tif,506,51,0,train
051_HAADF_15nm_Sample_PtNC_21Oct20_133_115.tif,051_HAADF_15nm_Sample_PtNC_21Oct20.tif,133,115,0,train
051_HAADF_15nm_Sample_PtNC_21Oct20_359_243.tif,051_HAADF_15nm_Sample_PtNC_21Oct20.tif,359,243,0,train
051_HAADF_15nm_Sample_PtNC_21Oct20_445_59.tif,051_HAADF_15nm_Sample_PtNC_21Oct20.tif,445,59,0,train
048_HAADF_15nm_Sample_PtNC_21Oct20_341_309.tif,048_HAADF_15nm_Sample_PtNC_21Oct20.tif,341,309,0,train
021_HAADF_15nm_Sample_PtNC_21Oct20_74_338.tif,021_HAADF_15nm_Sample_PtNC_21Oct20.tif,74,338,0,train
048_HAADF_15nm_Sample_PtNC_21Oct20_395_449.tif,048_HAADF_15nm_Sample_PtNC_21Oct20.tif,395,449,0,train
034_HAADF_15nm_Sample_PtNC_20Oct20_462_385.tif,034_HAADF_15nm_Sample_PtNC_20Oct20.tif,462,385,0,train
051_HAADF_15nm_Sample_PtNC_21Oct20_205_107.tif,051_HAADF_15nm_Sample_PtNC_21Oct20.tif,205,107,0,train
047_HAADF_15nm_Sample_PtNC_21Oct20_6_465.tif,047_HAADF_15nm_Sample_PtNC_21Oct20.tif,6,465,0,train
049_HAADF_15nm_Sample_PtNC_20Oct20_164_481.tif,049_HAADF_15nm_Sample_PtNC_20Oct20.tif,164,481,0,train
021_HAADF_15nm_Sample_PtNC_21Oct20_65_31.tif,021_HAADF_15nm_Sample_PtNC_21Oct20.tif,65,31,0,train
034_HAADF_15nm_Sample_PtNC_20Oct20_415_509.tif,034_HAADF_15nm_Sample_PtNC_20Oct20.tif,415,509,0,train
047_HAADF_15nm_Sample_PtNC_21Oct20_307_212.tif,047_HAADF_15nm_Sample_PtNC_21Oct20.tif,307,212,0,train
051_HAADF_15nm_Sample_PtNC_21Oct20_395_17.tif,051_HAADF_15nm_Sample_PtNC_21Oct20.tif,395,17,0,train
038_HAADF_15nm_Sample_PtNC_21Oct20_497_445.tif,038_HAADF_15nm_Sample_PtNC_21Oct20.tif,497,445,0,train
048_HAADF_15nm_Sample_PtNC_21Oct20_460_109.tif,048_HAADF_15nm_Sample_PtNC_21Oct20.tif,460,109,0,train
048_HAADF_15nm_Sample_PtNC_21Oct20_411_418.tif,048_HAADF_15nm_Sample_PtNC_21Oct20.tif,411,418,0,train
037_HAADF_15nm_Sample_PtNC_20Oct20_16_466.tif,037_HAADF_15nm_Sample_PtNC_20Oct20.tif,16,466,0,train
049_HAADF_15nm_Sample_PtNC_20Oct20_94_226.tif,049_HAADF_15nm_Sample_PtNC_20Oct20.tif,94,226,0,train
048_HAADF_15nm_Sample_PtNC_21Oct20_493_364.tif,048_HAADF_15nm_Sample_PtNC_21Oct20.tif,493,364,0,train
027_HAADF_15nm_Sample_PtNC_21Oct20_486_92.tif,027_HAADF_15nm_Sample_PtNC_21Oct20.tif,486,92,0,train
049_HAADF_15nm_Sample_PtNC_20Oct20_4_233.tif,049_HAADF_15nm_Sample_PtNC_20Oct20.tif,4,233,0,train
048_HAADF_15nm_Sample_PtNC_21Oct20_464_124.tif,048_HAADF_15nm_Sample_PtNC_21Oct20.tif,464,124,0,train
051_HAADF_15nm_Sample_PtNC_21Oct20_177_176.tif,051_HAADF_15nm_Sample_PtNC_21Oct20.tif,177,176,0,train
038_HAADF_15nm_Sample_PtNC_21Oct20_401_80.tif,038_HAADF_15nm_Sample_PtNC_21Oct20.tif,401,80,0,train
049_HAADF_15nm_Sample_PtNC_20Oct20_148_381.tif,049_HAADF_15nm_Sample_PtNC_20Oct20.tif,148,381,0,train
048_HAADF_15nm_Sample_PtNC_21Oct20_289_14.tif,048_HAADF_15nm_Sample_PtNC_21Oct20.tif,289,14,0,train
034_HAADF_15nm_Sample_PtNC_20Oct20_114_156.tif,034_HAADF_15nm_Sample_PtNC_20Oct20.tif,114,156,0,train
048_HAADF_15nm_Sample_PtNC_21Oct20_317_47.tif,048_HAADF_15nm_Sample_PtNC_21Oct20.tif,317,47,0,train
021_HAADF_15nm_Sample_PtNC_21Oct20_324_312.tif,021_HAADF_15nm_Sample_PtNC_21Oct20.tif,324,312,0,train
038_HAADF_15nm_Sample_PtNC_21Oct20_107_76.tif,038_HAADF_15nm_Sample_PtNC_21Oct20.tif,107,76,0,train
034_HAADF_15nm_Sample_PtNC_20Oct20_450_416.tif,034_HAADF_15nm_Sample_PtNC_20Oct20.tif,450,416,0,train
049_HAADF_15nm_Sample_PtNC_20Oct20_85_307.tif,049_HAADF_15nm_Sample_PtNC_20Oct20.tif,85,307,0,train
034_HAADF_15nm_Sample_PtNC_20Oct20_108_203.tif,034_HAADF_15nm_Sample_PtNC_20Oct20.tif,108,203,0,train
034_HAADF_15nm_Sample_PtNC_20Oct20_397_391.tif,034_HAADF_15nm_Sample_PtNC_20Oct20.tif,397,391,0,train
021_HAADF_15nm_Sample_PtNC_21Oct20_59_422.tif,021_HAADF_15nm_Sample_PtNC_21Oct20.tif,59,422,0,train
045_HAADF_15nm_Sample_PtNC_20Oct20_133_510.tif,045_HAADF_15nm_Sample_PtNC_20Oct20.tif,133,510,0,train
037_HAADF_15nm_Sample_PtNC_20Oct20_282_300.tif,037_HAADF_15nm_Sample_PtNC_20Oct20.tif,282,300,0,train
038_HAADF_15nm_Sample_PtNC_21Oct20_369_98.tif,038_HAADF_15nm_Sample_PtNC_21Oct20.tif,369,98,0,train
045_HAADF_15nm_Sample_PtNC_20Oct20_20_7.tif,045_HAADF_15nm_Sample_PtNC_20Oct20.tif,20,7,0,train
038_HAADF_15nm_Sample_PtNC_21Oct20_250_19.tif,038_HAADF_15nm_Sample_PtNC_21Oct20.tif,250,19,0,train
037_HAADF_15nm_Sample_PtNC_20Oct20_285_413.tif,037_HAADF_15nm_Sample_PtNC_20Oct20.tif,285,413,0,train
047_HAADF_15nm_Sample_PtNC_21Oct20_431_261.tif,047_HAADF_15nm_Sample_PtNC_21Oct20.tif,431,261,0,train
048_HAADF_15nm_Sample_PtNC_21Oct20_335_485.tif,048_HAADF_15nm_Sample_PtNC_21Oct20.tif,335,485,0,train
051_HAADF_15nm_Sample_PtNC_21Oct20_451_214.tif,051_HAADF_15nm_Sample_PtNC_21Oct20.tif,451,214,0,train
027_HAADF_15nm_Sample_PtNC_21Oct20_180_380.tif,027_HAADF_15nm_Sample_PtNC_21Oct20.tif,180,380,0,train
027_HAADF_15nm_Sample_PtNC_21Oct20_506_406.tif,027_HAADF_15nm_Sample_PtNC_21Oct20.tif,506,406,0,train
037_HAADF_15nm_Sample_PtNC_20Oct20_232_439.tif,037_HAADF_15nm_Sample_PtNC_20Oct20.tif,232,439,0,train
021_HAADF_15nm_Sample_PtNC_21Oct20_237_115.tif,021_HAADF_15nm_Sample_PtNC_21Oct20.tif,237,115,0,train
034_HAADF_15nm_Sample_PtNC_20Oct20_397_299.tif,034_HAADF_15nm_Sample_PtNC_20Oct20.tif,397,299,0,train
047_HAADF_15nm_Sample_PtNC_21Oct20_113_452.tif,047_HAADF_15nm_Sample_PtNC_21Oct20.tif,113,452,0,train
047_HAADF_15nm_Sample_PtNC_21Oct20_85_442.tif,047_HAADF_15nm_Sample_PtNC_21Oct20.tif,85,442,0,train
025_HAADF_15nm_Sample_PtNC_21Oct20_309_183.tif,025_HAADF_15nm_Sample_PtNC_21Oct20.tif,309,183,0,train
048_HAADF_15nm_Sample_PtNC_21Oct20_304_28.tif,048_HAADF_15nm_Sample_PtNC_21Oct20.tif,304,28,0,train
038_HAADF_15nm_Sample_PtNC_21Oct20_360_99.tif,038_HAADF_15nm_Sample_PtNC_21Oct20.tif,360,99,0,train
038_HAADF_15nm_Sample_PtNC_21Oct20_8_53.tif,038_HAADF_15nm_Sample_PtNC_21Oct20.tif,8,53,0,train
034_HAADF_15nm_Sample_PtNC_20Oct20_139_11.tif,034_HAADF_15nm_Sample_PtNC_20Oct20.tif,139,11,0,train
049_HAADF_15nm_Sample_PtNC_20Oct20_109_328.tif,049_HAADF_15nm_Sample_PtNC_20Oct20.tif,109,328,0,train
025_HAADF_15nm_Sample_PtNC_21Oct20_302_189.tif,025_HAADF_15nm_Sample_PtNC_21Oct20.tif,302,189,0,train
047_HAADF_15nm_Sample_PtNC_21Oct20_165_20.tif,047_HAADF_15nm_Sample_PtNC_21Oct20.tif,165,20,0,train
051_HAADF_15nm_Sample_PtNC_21Oct20_303_205.tif,051_HAADF_15nm_Sample_PtNC_21Oct20.tif,303,205,0,train
049_HAADF_15nm_Sample_PtNC_20Oct20_365_62.tif,049_HAADF_15nm_Sample_PtNC_20Oct20.tif,365,62,0,train
047_HAADF_15nm_Sample_PtNC_21Oct20_300_502.tif,047_HAADF_15nm_Sample_PtNC_21Oct20.tif,300,502,0,train
048_HAADF_15nm_Sample_PtNC_21Oct20_257_68.tif,048_HAADF_15nm_Sample_PtNC_21Oct20.tif,257,68,0,train
021_HAADF_15nm_Sample_PtNC_21Oct20_292_171.tif,021_HAADF_15nm_Sample_PtNC_21Oct20.tif,292,171,0,train
021_HAADF_15nm_Sample_PtNC_21Oct20_142_32.tif,021_HAADF_15nm_Sample_PtNC_21Oct20.tif,142,32,0,train
027_HAADF_15nm_Sample_PtNC_21Oct20_113_459.tif,027_HAADF_15nm_Sample_PtNC_21Oct20.tif,113,459,0,train
051_HAADF_15nm_Sample_PtNC_21Oct20_92_463.tif,051_HAADF_15nm_Sample_PtNC_21Oct20.tif,92,463,0,train
049_HAADF_15nm_Sample_PtNC_20Oct20_245_130.tif,049_HAADF_15nm_Sample_PtNC_20Oct20.tif,245,130,0,train
034_HAADF_15nm_Sample_PtNC_20Oct20_163_264.tif,034_HAADF_15nm_Sample_PtNC_20Oct20.tif,163,264,0,train
037_HAADF_15nm_Sample_PtNC_20Oct20_13_286.tif,037_HAADF_15nm_Sample_PtNC_20Oct20.tif,13,286,0,train
027_HAADF_15nm_Sample_PtNC_21Oct20_383_385.tif,027_HAADF_15nm_Sample_PtNC_21Oct20.tif,383,385,0,train
027_HAADF_15nm_Sample_PtNC_21Oct20_38_157.tif,027_HAADF_15nm_Sample_PtNC_21Oct20.tif,38,157,0,train
038_HAADF_15nm_Sample_PtNC_21Oct20_293_94.tif,038_HAADF_15nm_Sample_PtNC_21Oct20.tif,293,94,0,train
021_HAADF_15nm_Sample_PtNC_21Oct20_187_103.tif,021_HAADF_15nm_Sample_PtNC_21Oct20.tif,187,103,0,train
049_HAADF_15nm_Sample_PtNC_20Oct20_401_304.tif,049_HAADF_15nm_Sample_PtNC_20Oct20.tif,401,304,0,train
048_HAADF_15nm_Sample_PtNC_21Oct20_89_499.tif,048_HAADF_15nm_Sample_PtNC_21Oct20.tif,89,499,0,train
047_HAADF_15nm_Sample_PtNC_21Oct20_341_165.tif,047_HAADF_15nm_Sample_PtNC_21Oct20.tif,341,165,0,train
045_HAADF_15nm_Sample_PtNC_20Oct20_306_182.tif,045_HAADF_15nm_Sample_PtNC_20Oct20.tif,306,182,0,train
025_HAADF_15nm_Sample_PtNC_21Oct20_31_99.tif,025_HAADF_15nm_Sample_PtNC_21Oct20.tif,31,99,0,train
051_HAADF_15nm_Sample_PtNC_21Oct20_440_448.tif,051_HAADF_15nm_Sample_PtNC_21Oct20.tif,440,448,0,train
051_HAADF_15nm_Sample_PtNC_21Oct20_257_398.tif,051_HAADF_15nm_Sample_PtNC_21Oct20.tif,257,398,0,train
025_HAADF_15nm_Sample_PtNC_21Oct20_265_108.tif,025_HAADF_15nm_Sample_PtNC_21Oct20.tif,265,108,0,train
047_HAADF_15nm_Sample_PtNC_21Oct20_61_42.tif,047_HAADF_15nm_Sample_PtNC_21Oct20.tif,61,42,0,train
048_HAADF_15nm_Sample_PtNC_21Oct20_372_506.tif,048_HAADF_15nm_Sample_PtNC_21Oct20.tif,372,506,0,train
021_HAADF_15nm_Sample_PtNC_21Oct20_402_397.tif,021_HAADF_15nm_Sample_PtNC_21Oct20.tif,402,397,0,train
051_HAADF_15nm_Sample_PtNC_21Oct20_273_100.tif,051_HAADF_15nm_Sample_PtNC_21Oct20.tif,273,100,0,train
037_HAADF_15nm_Sample_PtNC_20Oct20_84_140.tif,037_HAADF_15nm_Sample_PtNC_20Oct20.tif,84,140,0,train
037_HAADF_15nm_Sample_PtNC_20Oct20_376_188.tif,037_HAADF_15nm_Sample_PtNC_20Oct20.tif,376,188,0,train
051_HAADF_15nm_Sample_PtNC_21Oct20_208_144.tif,051_HAADF_15nm_Sample_PtNC_21Oct20.tif,208,144,0,train
025_HAADF_15nm_Sample_PtNC_21Oct20_297_30.tif,025_HAADF_15nm_Sample_PtNC_21Oct20.tif,297,30,0,train
038_HAADF_15nm_Sample_PtNC_21Oct20_466_439.tif,038_HAADF_15nm_Sample_PtNC_21Oct20.tif,466,439,0,train
051_HAADF_15nm_Sample_PtNC_21Oct20_290_445.tif,051_HAADF_15nm_Sample_PtNC_21Oct20.tif,290,445,0,train
048_HAADF_15nm_Sample_PtNC_21Oct20_293_365.tif,048_HAADF_15nm_Sample_PtNC_21Oct20.tif,293,365,0,train
027_HAADF_15nm_Sample_PtNC_21Oct20_64_244.tif,027_HAADF_15nm_Sample_PtNC_21Oct20.tif,64,244,0,train
037_HAADF_15nm_Sample_PtNC_20Oct20_430_362.tif,037_HAADF_15nm_Sample_PtNC_20Oct20.tif,430,362,0,train
049_HAADF_15nm_Sample_PtNC_20Oct20_379_233.tif,049_HAADF_15nm_Sample_PtNC_20Oct20.tif,379,233,0,train
048_HAADF_15nm_Sample_PtNC_21Oct20_376_494.tif,048_HAADF_15nm_Sample_PtNC_21Oct20.tif,376,494,0,train
034_HAADF_15nm_Sample_PtNC_20Oct20_292_336.tif,034_HAADF_15nm_Sample_PtNC_20Oct20.tif,292,336,0,train
048_HAADF_15nm_Sample_PtNC_21Oct20_487_77.tif,048_HAADF_15nm_Sample_PtNC_21Oct20.tif,487,77,0,train
027_HAADF_15nm_Sample_PtNC_21Oct20_2_325.tif,027_HAADF_15nm_Sample_PtNC_21Oct20.tif,2,325,0,train
037_HAADF_15nm_Sample_PtNC_20Oct20_450_250.tif,037_HAADF_15nm_Sample_PtNC_20Oct20.tif,450,250,0,train
051_HAADF_15nm_Sample_PtNC_21Oct20_503_176.tif,051_HAADF_15nm_Sample_PtNC_21Oct20.tif,503,176,0,train
037_HAADF_15nm_Sample_PtNC_20Oct20_327_452.tif,037_HAADF_15nm_Sample_PtNC_20Oct20.tif,327,452,0,train
025_HAADF_15nm_Sample_PtNC_21Oct20_17_264.tif,025_HAADF_15nm_Sample_PtNC_21Oct20.tif,17,264,0,train
025_HAADF_15nm_Sample_PtNC_21Oct20_447_292.tif,025_HAADF_15nm_Sample_PtNC_21Oct20.tif,447,292,0,train
048_HAADF_15nm_Sample_PtNC_21Oct20_125_240.tif,048_HAADF_15nm_Sample_PtNC_21Oct20.tif,125,240,0,train
049_HAADF_15nm_Sample_PtNC_20Oct20_391_125.tif,049_HAADF_15nm_Sample_PtNC_20Oct20.tif,391,125,0,train
025_HAADF_15nm_Sample_PtNC_21Oct20_80_361.tif,025_HAADF_15nm_Sample_PtNC_21Oct20.tif,80,361,0,train
047_HAADF_15nm_Sample_PtNC_21Oct20_421_254.tif,047_HAADF_15nm_Sample_PtNC_21Oct20.tif,421,254,0,train
038_HAADF_15nm_Sample_PtNC_21Oct20_238_458.tif,038_HAADF_15nm_Sample_PtNC_21Oct20.tif,238,458,0,train
038_HAADF_15nm_Sample_PtNC_21Oct20_370_260.tif,038_HAADF_15nm_Sample_PtNC_21Oct20.tif,370,260,0,train
027_HAADF_15nm_Sample_PtNC_21Oct20_319_11.tif,027_HAADF_15nm_Sample_PtNC_21Oct20.tif,319,11,0,train
048_HAADF_15nm_Sample_PtNC_21Oct20_293_20.tif,048_HAADF_15nm_Sample_PtNC_21Oct20.tif,293,20,0,train
048_HAADF_15nm_Sample_PtNC_21Oct20_283_31.tif,048_HAADF_15nm_Sample_PtNC_21Oct20.tif,283,31,0,train
034_HAADF_15nm_Sample_PtNC_20Oct20_71_37.tif,034_HAADF_15nm_Sample_PtNC_20Oct20.tif,71,37,0,train
034_HAADF_15nm_Sample_PtNC_20Oct20_197_385.tif,034_HAADF_15nm_Sample_PtNC_20Oct20.tif,197,385,0,train
038_HAADF_15nm_Sample_PtNC_21Oct20_460_449.tif,038_HAADF_15nm_Sample_PtNC_21Oct20.tif,460,449,0,train
047_HAADF_15nm_Sample_PtNC_21Oct20_349_426.tif,047_HAADF_15nm_Sample_PtNC_21Oct20.tif,349,426,0,train
051_HAADF_15nm_Sample_PtNC_21Oct20_418_129.tif,051_HAADF_15nm_Sample_PtNC_21Oct20.tif,418,129,0,train
037_HAADF_15nm_Sample_PtNC_20Oct20_395_131.tif,037_HAADF_15nm_Sample_PtNC_20Oct20.tif,395,131,0,train
037_HAADF_15nm_Sample_PtNC_20Oct20_4_344.tif,037_HAADF_15nm_Sample_PtNC_20Oct20.tif,4,344,0,train
021_HAADF_15nm_Sample_PtNC_21Oct20_186_130.tif,021_HAADF_15nm_Sample_PtNC_21Oct20.tif,186,130,0,train
027_HAADF_15nm_Sample_PtNC_21Oct20_374_395.tif,027_HAADF_15nm_Sample_PtNC_21Oct20.tif,374,395,0,train
037_HAADF_15nm_Sample_PtNC_20Oct20_70_149.tif,037_HAADF_15nm_Sample_PtNC_20Oct20.tif,70,149,0,train
027_HAADF_15nm_Sample_PtNC_21Oct20_405_254.tif,027_HAADF_15nm_Sample_PtNC_21Oct20.tif,405,254,0,train
048_HAADF_15nm_Sample_PtNC_21Oct20_29_252.tif,048_HAADF_15nm_Sample_PtNC_21Oct20.tif,29,252,0,train
037_HAADF_15nm_Sample_PtNC_20Oct20_414_332.tif,037_HAADF_15nm_Sample_PtNC_20Oct20.tif,414,332,0,train
027_HAADF_15nm_Sample_PtNC_21Oct20_203_162.tif,027_HAADF_15nm_Sample_PtNC_21Oct20.tif,203,162,0,train
048_HAADF_15nm_Sample_PtNC_21Oct20_65_489.tif,048_HAADF_15nm_Sample_PtNC_21Oct20.tif,65,489,0,train
047_HAADF_15nm_Sample_PtNC_21Oct20_474_443.tif,047_HAADF_15nm_Sample_PtNC_21Oct20.tif,474,443,0,train
045_HAADF_15nm_Sample_PtNC_20Oct20_417_62.tif,045_HAADF_15nm_Sample_PtNC_20Oct20.tif,417,62,0,train
037_HAADF_15nm_Sample_PtNC_20Oct20_58_476.tif,037_HAADF_15nm_Sample_PtNC_20Oct20.tif,58,476,0,train
051_HAADF_15nm_Sample_PtNC_21Oct20_488_267.tif,051_HAADF_15nm_Sample_PtNC_21Oct20.tif,488,267,0,train
048_HAADF_15nm_Sample_PtNC_21Oct20_498_45.tif,048_HAADF_15nm_Sample_PtNC_21Oct20.tif,498,45,0,train
051_HAADF_15nm_Sample_PtNC_21Oct20_4_142.tif,051_HAADF_15nm_Sample_PtNC_21Oct20.tif,4,142,0,train
037_HAADF_15nm_Sample_PtNC_20Oct20_76_340.tif,037_HAADF_15nm_Sample_PtNC_20Oct20.tif,76,340,0,train
037_HAADF_15nm_Sample_PtNC_20Oct20_102_504.tif,037_HAADF_15nm_Sample_PtNC_20Oct20.tif,102,504,0,train
048_HAADF_15nm_Sample_PtNC_21Oct20_84_16.tif,048_HAADF_15nm_Sample_PtNC_21Oct20.tif,84,16,0,train
025_HAADF_15nm_Sample_PtNC_21Oct20_356_117.tif,025_HAADF_15nm_Sample_PtNC_21Oct20.tif,356,117,0,train
038_HAADF_15nm_Sample_PtNC_21Oct20_426_321.tif,038_HAADF_15nm_Sample_PtNC_21Oct20.tif,426,321,0,train
048_HAADF_15nm_Sample_PtNC_21Oct20_31_62.tif,048_HAADF_15nm_Sample_PtNC_21Oct20.tif,31,62,0,train
025_HAADF_15nm_Sample_PtNC_21Oct20_388_471.tif,025_HAADF_15nm_Sample_PtNC_21Oct20.tif,388,471,0,train
048_HAADF_15nm_Sample_PtNC_21Oct20_326_331.tif,048_HAADF_15nm_Sample_PtNC_21Oct20.tif,326,331,0,train
047_HAADF_15nm_Sample_PtNC_21Oct20_304_490.tif,047_HAADF_15nm_Sample_PtNC_21Oct20.tif,304,490,0,train
051_HAADF_15nm_Sample_PtNC_21Oct20_161_343.tif,051_HAADF_15nm_Sample_PtNC_21Oct20.tif,161,343,0,train
037_HAADF_15nm_Sample_PtNC_20Oct20_70_422.tif,037_HAADF_15nm_Sample_PtNC_20Oct20.tif,70,422,0,train
045_HAADF_15nm_Sample_PtNC_20Oct20_318_465.tif,045_HAADF_15nm_Sample_PtNC_20Oct20.tif,318,465,0,train
025_HAADF_15nm_Sample_PtNC_21Oct20_351_195.tif,025_HAADF_15nm_Sample_PtNC_21Oct20.tif,351,195,0,train
027_HAADF_15nm_Sample_PtNC_21Oct20_198_227.tif,027_HAADF_15nm_Sample_PtNC_21Oct20.tif,198,227,0,train
037_HAADF_15nm_Sample_PtNC_20Oct20_508_242.tif,037_HAADF_15nm_Sample_PtNC_20Oct20.tif,508,242,0,train
047_HAADF_15nm_Sample_PtNC_21Oct20_60_503.tif,047_HAADF_15nm_Sample_PtNC_21Oct20.tif,60,503,0,train
048_HAADF_15nm_Sample_PtNC_21Oct20_14_87.tif,048_HAADF_15nm_Sample_PtNC_21Oct20.tif,14,87,0,train
025_HAADF_15nm_Sample_PtNC_21Oct20_0_446.tif,025_HAADF_15nm_Sample_PtNC_21Oct20.tif,0,446,0,train
051_HAADF_15nm_Sample_PtNC_21Oct20_81_202.tif,051_HAADF_15nm_Sample_PtNC_21Oct20.tif,81,202,0,train
027_HAADF_15nm_Sample_PtNC_21Oct20_451_126.tif,027_HAADF_15nm_Sample_PtNC_21Oct20.tif,451,126,0,train
045_HAADF_15nm_Sample_PtNC_20Oct20_408_83.tif,045_HAADF_15nm_Sample_PtNC_20Oct20.tif,408,83,0,train
048_HAADF_15nm_Sample_PtNC_21Oct20_349_378.tif,048_HAADF_15nm_Sample_PtNC_21Oct20.tif,349,378,0,train
034_HAADF_15nm_Sample_PtNC_20Oct20_472_367.tif,034_HAADF_15nm_Sample_PtNC_20Oct20.tif,472,367,0,train
051_HAADF_15nm_Sample_PtNC_21Oct20_468_266.tif,051_HAADF_15nm_Sample_PtNC_21Oct20.tif,468,266,0,train
048_HAADF_15nm_Sample_PtNC_21Oct20_294_430.tif,048_HAADF_15nm_Sample_PtNC_21Oct20.tif,294,430,0,train
037_HAADF_15nm_Sample_PtNC_20Oct20_10_485.tif,037_HAADF_15nm_Sample_PtNC_20Oct20.tif,10,485,0,train
047_HAADF_15nm_Sample_PtNC_21Oct20_131_511.tif,047_HAADF_15nm_Sample_PtNC_21Oct20.tif,131,511,0,train
048_HAADF_15nm_Sample_PtNC_21Oct20_445_66.tif,048_HAADF_15nm_Sample_PtNC_21Oct20.tif,445,66,0,train
051_HAADF_15nm_Sample_PtNC_21Oct20_96_148.tif,051_HAADF_15nm_Sample_PtNC_21Oct20.tif,96,148,0,train
049_HAADF_15nm_Sample_PtNC_20Oct20_33_109.tif,049_HAADF_15nm_Sample_PtNC_20Oct20.tif,33,109,0,train
048_HAADF_15nm_Sample_PtNC_21Oct20_375_271.tif,048_HAADF_15nm_Sample_PtNC_21Oct20.tif,375,271,0,train
034_HAADF_15nm_Sample_PtNC_20Oct20_378_463.tif,034_HAADF_15nm_Sample_PtNC_20Oct20.tif,378,463,0,train
037_HAADF_15nm_Sample_PtNC_20Oct20_194_368.tif,037_HAADF_15nm_Sample_PtNC_20Oct20.tif,194,368,0,train
034_HAADF_15nm_Sample_PtNC_20Oct20_495_171.tif,034_HAADF_15nm_Sample_PtNC_20Oct20.tif,495,171,0,train
027_HAADF_15nm_Sample_PtNC_21Oct20_35_113.tif,027_HAADF_15nm_Sample_PtNC_21Oct20.tif,35,113,0,train
047_HAADF_15nm_Sample_PtNC_21Oct20_300_60.tif,047_HAADF_15nm_Sample_PtNC_21Oct20.tif,300,60,0,train
038_HAADF_15nm_Sample_PtNC_21Oct20_175_474.tif,038_HAADF_15nm_Sample_PtNC_21Oct20.tif,175,474,0,train
034_HAADF_15nm_Sample_PtNC_20Oct20_230_325.tif,034_HAADF_15nm_Sample_PtNC_20Oct20.tif,230,325,0,train
048_HAADF_15nm_Sample_PtNC_21Oct20_180_374.tif,048_HAADF_15nm_Sample_PtNC_21Oct20.tif,180,374,0,train
051_HAADF_15nm_Sample_PtNC_21Oct20_478_309.tif,051_HAADF_15nm_Sample_PtNC_21Oct20.tif,478,309,0,train
027_HAADF_15nm_Sample_PtNC_21Oct20_112_66.tif,027_HAADF_15nm_Sample_PtNC_21Oct20.tif,112,66,0,train
047_HAADF_15nm_Sample_PtNC_21Oct20_375_205.tif,047_HAADF_15nm_Sample_PtNC_21Oct20.tif,375,205,0,train
048_HAADF_15nm_Sample_PtNC_21Oct20_189_323.tif,048_HAADF_15nm_Sample_PtNC_21Oct20.tif,189,323,1,val
048_HAADF_15nm_Sample_PtNC_21Oct20_103_342.tif,048_HAADF_15nm_Sample_PtNC_21Oct20.tif,103,342,1,val
048_HAADF_15nm_Sample_PtNC_21Oct20_103_327.tif,048_HAADF_15nm_Sample_PtNC_21Oct20.tif,103,327,1,val
051_HAADF_15nm_Sample_PtNC_21Oct20_152_277.tif,051_HAADF_15nm_Sample_PtNC_21Oct20.tif,152,277,1,val
051_HAADF_15nm_Sample_PtNC_21Oct20_208_207.tif,051_HAADF_15nm_Sample_PtNC_21Oct20.tif,208,207,1,val
045_HAADF_15nm_Sample_PtNC_20Oct20_26_505.tif,045_HAADF_15nm_Sample_PtNC_20Oct20.tif,26,505,1,val
051_HAADF_15nm_Sample_PtNC_21Oct20_374_395.tif,051_HAADF_15nm_Sample_PtNC_21Oct20.tif,374,395,1,val
051_HAADF_15nm_Sample_PtNC_21Oct20_180_438.tif,051_HAADF_15nm_Sample_PtNC_21Oct20.tif,180,438,1,val
037_HAADF_15nm_Sample_PtNC_20Oct20_383_386.tif,037_HAADF_15nm_Sample_PtNC_20Oct20.tif,383,386,1,val
027_HAADF_15nm_Sample_PtNC_21Oct20_63_352.tif,027_HAADF_15nm_Sample_PtNC_21Oct20.tif,63,352,1,val
049_HAADF_15nm_Sample_PtNC_20Oct20_292_113.tif,049_HAADF_15nm_Sample_PtNC_20Oct20.tif,292,113,1,val
037_HAADF_15nm_Sample_PtNC_20Oct20_220_221.tif,037_HAADF_15nm_Sample_PtNC_20Oct20.tif,220,221,1,val
027_HAADF_15nm_Sample_PtNC_21Oct20_214_364.tif,027_HAADF_15nm_Sample_PtNC_21Oct20.tif,214,364,1,val
045_HAADF_15nm_Sample_PtNC_20Oct20_290_392.tif,045_HAADF_15nm_Sample_PtNC_20Oct20.tif,290,392,1,val
051_HAADF_15nm_Sample_PtNC_21Oct20_344_301.tif,051_HAADF_15nm_Sample_PtNC_21Oct20.tif,344,301,1,val
045_HAADF_15nm_Sample_PtNC_20Oct20_201_291.tif,045_HAADF_15nm_Sample_PtNC_20Oct20.tif,201,291,1,val
048_HAADF_15nm_Sample_PtNC_21Oct20_166_268.tif,048_HAADF_15nm_Sample_PtNC_21Oct20.tif,166,268,1,val
037_HAADF_15nm_Sample_PtNC_20Oct20_320_495.tif,037_HAADF_15nm_Sample_PtNC_20Oct20.tif,320,495,1,val
047_HAADF_15nm_Sample_PtNC_21Oct20_376_471.tif,047_HAADF_15nm_Sample_PtNC_21Oct20.tif,376,471,1,val
027_HAADF_15nm_Sample_PtNC_21Oct20_245_147.tif,027_HAADF_15nm_Sample_PtNC_21Oct20.tif,245,147,1,val
037_HAADF_15nm_Sample_PtNC_20Oct20_74_348.tif,037_HAADF_15nm_Sample_PtNC_20Oct20.tif,74,348,1,val
038_HAADF_15nm_Sample_PtNC_21Oct20_446_399.tif,038_HAADF_15nm_Sample_PtNC_21Oct20.tif,446,399,1,val
047_HAADF_15nm_Sample_PtNC_21Oct20_242_229.tif,047_HAADF_15nm_Sample_PtNC_21Oct20.tif,242,229,1,val
051_HAADF_15nm_Sample_PtNC_21Oct20_47_387.tif,051_HAADF_15nm_Sample_PtNC_21Oct20.tif,47,387,1,val
037_HAADF_15nm_Sample_PtNC_20Oct20_237_375.tif,037_HAADF_15nm_Sample_PtNC_20Oct20.tif,237,375,1,val
027_HAADF_15nm_Sample_PtNC_21Oct20_245_445.tif,027_HAADF_15nm_Sample_PtNC_21Oct20.tif,245,445,1,val
037_HAADF_15nm_Sample_PtNC_20Oct20_58_362.tif,037_HAADF_15nm_Sample_PtNC_20Oct20.tif,58,362,1,val
051_HAADF_15nm_Sample_PtNC_21Oct20_346_356.tif,051_HAADF_15nm_Sample_PtNC_21Oct20.tif,346,356,1,val
047_HAADF_15nm_Sample_PtNC_21Oct20_274_403.tif,047_HAADF_15nm_Sample_PtNC_21Oct20.tif,274,403,1,val
047_HAADF_15nm_Sample_PtNC_21Oct20_463_384.tif,047_HAADF_15nm_Sample_PtNC_21Oct20.tif,463,384,1,val
048_HAADF_15nm_Sample_PtNC_21Oct20_70_88.tif,048_HAADF_15nm_Sample_PtNC_21Oct20.tif,70,88,1,val
051_HAADF_15nm_Sample_PtNC_21Oct20_89_157.tif,051_HAADF_15nm_Sample_PtNC_21Oct20.tif,89,157,1,val
049_HAADF_15nm_Sample_PtNC_20Oct20_240_305.tif,049_HAADF_15nm_Sample_PtNC_20Oct20.tif,240,305,1,val
051_HAADF_15nm_Sample_PtNC_21Oct20_93_41.tif,051_HAADF_15nm_Sample_PtNC_21Oct20.tif,93,41,1,val
027_HAADF_15nm_Sample_PtNC_21Oct20_293_403.tif,027_HAADF_15nm_Sample_PtNC_21Oct20.tif,293,403,1,val
045_HAADF_15nm_Sample_PtNC_20Oct20_443_231.tif,045_HAADF_15nm_Sample_PtNC_20Oct20.tif,443,231,1,val
051_HAADF_15nm_Sample_PtNC_21Oct20_251_213.tif,051_HAADF_15nm_Sample_PtNC_21Oct20.tif,251,213,1,val
038_HAADF_15nm_Sample_PtNC_21Oct20_170_256.tif,038_HAADF_15nm_Sample_PtNC_21Oct20.tif,170,256,1,val
047_HAADF_15nm_Sample_PtNC_21Oct20_169_282.tif,047_HAADF_15nm_Sample_PtNC_21Oct20.tif,169,282,1,val
048_HAADF_15nm_Sample_PtNC_21Oct20_310_75.tif,048_HAADF_15nm_Sample_PtNC_21Oct20.tif,310,75,1,val
038_HAADF_15nm_Sample_PtNC_21Oct20_396_231.tif,038_HAADF_15nm_Sample_PtNC_21Oct20.tif,396,231,1,val
027_HAADF_15nm_Sample_PtNC_21Oct20_424_351.tif,027_HAADF_15nm_Sample_PtNC_21Oct20.tif,424,351,1,val
049_HAADF_15nm_Sample_PtNC_20Oct20_262_464.tif,049_HAADF_15nm_Sample_PtNC_20Oct20.tif,262,464,1,val
025_HAADF_15nm_Sample_PtNC_21Oct20_410_433.tif,025_HAADF_15nm_Sample_PtNC_21Oct20.tif,410,433,1,val
021_HAADF_15nm_Sample_PtNC_21Oct20_346_412.tif,021_HAADF_15nm_Sample_PtNC_21Oct20.tif,346,412,1,val
025_HAADF_15nm_Sample_PtNC_21Oct20_170_412.tif,025_HAADF_15nm_Sample_PtNC_21Oct20.tif,170,412,1,val
037_HAADF_15nm_Sample_PtNC_20Oct20_197_315.tif,037_HAADF_15nm_Sample_PtNC_20Oct20.tif,197,315,1,val
037_HAADF_15nm_Sample_PtNC_20Oct20_219_434.tif,037_HAADF_15nm_Sample_PtNC_20Oct20.tif,219,434,1,val
045_HAADF_15nm_Sample_PtNC_20Oct20_276_172.tif,045_HAADF_15nm_Sample_PtNC_20Oct20.tif,276,172,0,val
049_HAADF_15nm_Sample_PtNC_20Oct20_203_488.tif,049_HAADF_15nm_Sample_PtNC_20Oct20.tif,203,488,0,val
049_HAADF_15nm_Sample_PtNC_20Oct20_10_25.tif,049_HAADF_15nm_Sample_PtNC_20Oct20.tif,10,25,0,val
048_HAADF_15nm_Sample_PtNC_21Oct20_394_10.tif,048_HAADF_15nm_Sample_PtNC_21Oct20.tif,394,10,0,val
047_HAADF_15nm_Sample_PtNC_21Oct20_49_313.tif,047_HAADF_15nm_Sample_PtNC_21Oct20.tif,49,313,0,val
027_HAADF_15nm_Sample_PtNC_21Oct20_74_94.tif,027_HAADF_15nm_Sample_PtNC_21Oct20.tif,74,94,0,val
027_HAADF_15nm_Sample_PtNC_21Oct20_495_343.tif,027_HAADF_15nm_Sample_PtNC_21Oct20.tif,495,343,0,val
045_HAADF_15nm_Sample_PtNC_20Oct20_494_199.tif,045_HAADF_15nm_Sample_PtNC_20Oct20.tif,494,199,0,val
034_HAADF_15nm_Sample_PtNC_20Oct20_447_183.tif,034_HAADF_15nm_Sample_PtNC_20Oct20.tif,447,183,0,val
027_HAADF_15nm_Sample_PtNC_21Oct20_356_435.tif,027_HAADF_15nm_Sample_PtNC_21Oct20.tif,356,435,0,val
045_HAADF_15nm_Sample_PtNC_20Oct20_382_100.tif,045_HAADF_15nm_Sample_PtNC_20Oct20.tif,382,100,0,val
021_HAADF_15nm_Sample_PtNC_21Oct20_92_229.tif,021_HAADF_15nm_Sample_PtNC_21Oct20.tif,92,229,0,val
038_HAADF_15nm_Sample_PtNC_21Oct20_250_422.tif,038_HAADF_15nm_Sample_PtNC_21Oct20.tif,250,422,0,val
051_HAADF_15nm_Sample_PtNC_21Oct20_10_259.tif,051_HAADF_15nm_Sample_PtNC_21Oct20.tif,10,259,0,val
037_HAADF_15nm_Sample_PtNC_20Oct20_80_3.tif,037_HAADF_15nm_Sample_PtNC_20Oct20.tif,80,3,0,val
048_HAADF_15nm_Sample_PtNC_21Oct20_18_332.tif,048_HAADF_15nm_Sample_PtNC_21Oct20.tif,18,332,0,val
048_HAADF_15nm_Sample_PtNC_21Oct20_319_281.tif,048_HAADF_15nm_Sample_PtNC_21Oct20.tif,319,281,0,val
027_HAADF_15nm_Sample_PtNC_21Oct20_440_42.tif,027_HAADF_15nm_Sample_PtNC_21Oct20.tif,440,42,0,val
051_HAADF_15nm_Sample_PtNC_21Oct20_344_150.tif,051_HAADF_15nm_Sample_PtNC_21Oct20.tif,344,150,0,val
051_HAADF_15nm_Sample_PtNC_21Oct20_429_282.tif,051_HAADF_15nm_Sample_PtNC_21Oct20.tif,429,282,0,val
034_HAADF_15nm_Sample_PtNC_20Oct20_330_368.tif,034_HAADF_15nm_Sample_PtNC_20Oct20.tif,330,368,0,val
049_HAADF_15nm_Sample_PtNC_20Oct20_470_58.tif,049_HAADF_15nm_Sample_PtNC_20Oct20.tif,470,58,0,val
038_HAADF_15nm_Sample_PtNC_21Oct20_453_296.tif,038_HAADF_15nm_Sample_PtNC_21Oct20.tif,453,296,0,val
048_HAADF_15nm_Sample_PtNC_21Oct20_381_154.tif,048_HAADF_15nm_Sample_PtNC_21Oct20.tif,381,154,0,val
048_HAADF_15nm_Sample_PtNC_21Oct20_288_358.tif,048_HAADF_15nm_Sample_PtNC_21Oct20.tif,288,358,0,val
027_HAADF_15nm_Sample_PtNC_21Oct20_220_102.tif,027_HAADF_15nm_Sample_PtNC_21Oct20.tif,220,102,0,val
021_HAADF_15nm_Sample_PtNC_21Oct20_78_28.tif,021_HAADF_15nm_Sample_PtNC_21Oct20.tif,78,28,0,val
045_HAADF_15nm_Sample_PtNC_20Oct20_448_11.tif,045_HAADF_15nm_Sample_PtNC_20Oct20.tif,448,11,0,val
021_HAADF_15nm_Sample_PtNC_21Oct20_423_473.tif,021_HAADF_15nm_Sample_PtNC_21Oct20.tif,423,473,0,val
021_HAADF_15nm_Sample_PtNC_21Oct20_127_116.tif,021_HAADF_15nm_Sample_PtNC_21Oct20.tif,127,116,0,val
027_HAADF_15nm_Sample_PtNC_21Oct20_211_489.tif,027_HAADF_15nm_Sample_PtNC_21Oct20.tif,211,489,0,val
034_HAADF_15nm_Sample_PtNC_20Oct20_388_480.tif,034_HAADF_15nm_Sample_PtNC_20Oct20.tif,388,480,0,val
037_HAADF_15nm_Sample_PtNC_20Oct20_201_67.tif,037_HAADF_15nm_Sample_PtNC_20Oct20.tif,201,67,0,val
049_HAADF_15nm_Sample_PtNC_20Oct20_29_503.tif,049_HAADF_15nm_Sample_PtNC_20Oct20.tif,29,503,0,val
038_HAADF_15nm_Sample_PtNC_21Oct20_192_361.tif,038_HAADF_15nm_Sample_PtNC_21Oct20.tif,192,361,0,val
027_HAADF_15nm_Sample_PtNC_21Oct20_142_451.tif,027_HAADF_15nm_Sample_PtNC_21Oct20.tif,142,451,0,val
048_HAADF_15nm_Sample_PtNC_21Oct20_346_63.tif,048_HAADF_15nm_Sample_PtNC_21Oct20.tif,346,63,0,val
045_HAADF_15nm_Sample_PtNC_20Oct20_449_58.tif,045_HAADF_15nm_Sample_PtNC_20Oct20.tif,449,58,0,val
051_HAADF_15nm_Sample_PtNC_21Oct20_413_317.tif,051_HAADF_15nm_Sample_PtNC_21Oct20.tif,413,317,0,val
049_HAADF_15nm_Sample_PtNC_20Oct20_291_260.tif,049_HAADF_15nm_Sample_PtNC_20Oct20.tif,291,260,0,val
045_HAADF_15nm_Sample_PtNC_20Oct20_141_159.tif,045_HAADF_15nm_Sample_PtNC_20Oct20.tif,141,159,0,val
038_HAADF_15nm_Sample_PtNC_21Oct20_366_311.tif,038_HAADF_15nm_Sample_PtNC_21Oct20.tif,366,311,0,val
051_HAADF_15nm_Sample_PtNC_21Oct20_347_359.tif,051_HAADF_15nm_Sample_PtNC_21Oct20.tif,347,359,0,val
051_HAADF_15nm_Sample_PtNC_21Oct20_4_61.tif,051_HAADF_15nm_Sample_PtNC_21Oct20.tif,4,61,0,val
047_HAADF_15nm_Sample_PtNC_21Oct20_121_231.tif,047_HAADF_15nm_Sample_PtNC_21Oct20.tif,121,231,0,val
038_HAADF_15nm_Sample_PtNC_21Oct20_475_410.tif,038_HAADF_15nm_Sample_PtNC_21Oct20.tif,475,410,0,val
025_HAADF_15nm_Sample_PtNC_21Oct20_504_221.tif,025_HAADF_15nm_Sample_PtNC_21Oct20.tif,504,221,0,val
025_HAADF_15nm_Sample_PtNC_21Oct20_71_383.tif,025_HAADF_15nm_Sample_PtNC_21Oct20.tif,71,383,0,val
049_HAADF_15nm_Sample_PtNC_20Oct20_357_216.tif,049_HAADF_15nm_Sample_PtNC_20Oct20.tif,357,216,1,test
034_HAADF_15nm_Sample_PtNC_20Oct20_90_420.tif,034_HAADF_15nm_Sample_PtNC_20Oct20.tif,90,420,1,test
034_HAADF_15nm_Sample_PtNC_20Oct20_94_273.tif,034_HAADF_15nm_Sample_PtNC_20Oct20.tif,94,273,1,test
027_HAADF_15nm_Sample_PtNC_21Oct20_195_468.tif,027_HAADF_15nm_Sample_PtNC_21Oct20.tif,195,468,1,test
037_HAADF_15nm_Sample_PtNC_20Oct20_494_438.tif,037_HAADF_15nm_Sample_PtNC_20Oct20.tif,494,438,1,test
034_HAADF_15nm_Sample_PtNC_20Oct20_56_386.tif,034_HAADF_15nm_Sample_PtNC_20Oct20.tif,56,386,1,test
048_HAADF_15nm_Sample_PtNC_21Oct20_261_341.tif,048_HAADF_15nm_Sample_PtNC_21Oct20.tif,261,341,1,test
027_HAADF_15nm_Sample_PtNC_21Oct20_435_411.tif,027_HAADF_15nm_Sample_PtNC_21Oct20.tif,435,411,1,test
025_HAADF_15nm_Sample_PtNC_21Oct20_234_293.tif,025_HAADF_15nm_Sample_PtNC_21Oct20.tif,234,293,1,test
034_HAADF_15nm_Sample_PtNC_20Oct20_341_215.tif,034_HAADF_15nm_Sample_PtNC_20Oct20.tif,341,215,1,test
048_HAADF_15nm_Sample_PtNC_21Oct20_350_325.tif,048_HAADF_15nm_Sample_PtNC_21Oct20.tif,350,325,1,test
048_HAADF_15nm_Sample_PtNC_21Oct20_285_52.tif,048_HAADF_15nm_Sample_PtNC_21Oct20.tif,285,52,1,test
037_HAADF_15nm_Sample_PtNC_20Oct20_134_134.tif,037_HAADF_15nm_Sample_PtNC_20Oct20.tif,134,134,1,test
021_HAADF_15nm_Sample_PtNC_21Oct20_438_288.tif,021_HAADF_15nm_Sample_PtNC_21Oct20.tif,438,288,1,test
034_HAADF_15nm_Sample_PtNC_20Oct20_186_126.tif,034_HAADF_15nm_Sample_PtNC_20Oct20.tif,186,126,1,test
027_HAADF_15nm_Sample_PtNC_21Oct20_335_400.tif,027_HAADF_15nm_Sample_PtNC_21Oct20.tif,335,400,1,test
048_HAADF_15nm_Sample_PtNC_21Oct20_145_138.tif,048_HAADF_15nm_Sample_PtNC_21Oct20.tif,145,138,1,test
047_HAADF_15nm_Sample_PtNC_21Oct20_47_211.tif,047_HAADF_15nm_Sample_PtNC_21Oct20.tif,47,211,1,test
048_HAADF_15nm_Sample_PtNC_21Oct20_32_451.tif,048_HAADF_15nm_Sample_PtNC_21Oct20.tif,32,451,1,test
048_HAADF_15nm_Sample_PtNC_21Oct20_80_156.tif,048_HAADF_15nm_Sample_PtNC_21Oct20.tif,80,156,1,test
025_HAADF_15nm_Sample_PtNC_21Oct20_96_281.tif,025_HAADF_15nm_Sample_PtNC_21Oct20.tif,96,281,1,test
034_HAADF_15nm_Sample_PtNC_20Oct20_236_425.tif,034_HAADF_15nm_Sample_PtNC_20Oct20.tif,236,425,1,test
047_HAADF_15nm_Sample_PtNC_21Oct20_322_424.tif,047_HAADF_15nm_Sample_PtNC_21Oct20.tif,322,424,1,test
051_HAADF_15nm_Sample_PtNC_21Oct20_284_380.tif,051_HAADF_15nm_Sample_PtNC_21Oct20.tif,284,380,1,test
047_HAADF_15nm_Sample_PtNC_21Oct20_393_327.tif,047_HAADF_15nm_Sample_PtNC_21Oct20.tif,393,327,1,test
045_HAADF_15nm_Sample_PtNC_20Oct20_87_373.tif,045_HAADF_15nm_Sample_PtNC_20Oct20.tif,87,373,1,test
049_HAADF_15nm_Sample_PtNC_20Oct20_320_323.tif,049_HAADF_15nm_Sample_PtNC_20Oct20.tif,320,323,1,test
048_HAADF_15nm_Sample_PtNC_21Oct20_220_470.tif,048_HAADF_15nm_Sample_PtNC_21Oct20.tif,220,470,1,test
027_HAADF_15nm_Sample_PtNC_21Oct20_174_455.tif,027_HAADF_15nm_Sample_PtNC_21Oct20.tif,174,455,1,test
048_HAADF_15nm_Sample_PtNC_21Oct20_331_260.tif,048_HAADF_15nm_Sample_PtNC_21Oct20.tif,331,260,1,test
025_HAADF_15nm_Sample_PtNC_21Oct20_132_262.tif,025_HAADF_15nm_Sample_PtNC_21Oct20.tif,132,262,1,test
051_HAADF_15nm_Sample_PtNC_21Oct20_294_344.tif,051_HAADF_15nm_Sample_PtNC_21Oct20.tif,294,344,1,test
037_HAADF_15nm_Sample_PtNC_20Oct20_235_244.tif,037_HAADF_15nm_Sample_PtNC_20Oct20.tif,235,244,1,test
038_HAADF_15nm_Sample_PtNC_21Oct20_82_220.tif,038_HAADF_15nm_Sample_PtNC_21Oct20.tif,82,220,1,test
025_HAADF_15nm_Sample_PtNC_21Oct20_360_407.tif,025_HAADF_15nm_Sample_PtNC_21Oct20.tif,360,407,1,test
048_HAADF_15nm_Sample_PtNC_21Oct20_246_214.tif,048_HAADF_15nm_Sample_PtNC_21Oct20.tif,246,214,1,test
048_HAADF_15nm_Sample_PtNC_21Oct20_330_390.tif,048_HAADF_15nm_Sample_PtNC_21Oct20.tif,330,390,1,test
047_HAADF_15nm_Sample_PtNC_21Oct20_247_357.tif,047_HAADF_15nm_Sample_PtNC_21Oct20.tif,247,357,1,test
045_HAADF_15nm_Sample_PtNC_20Oct20_465_196.tif,045_HAADF_15nm_Sample_PtNC_20Oct20.tif,465,196,1,test
038_HAADF_15nm_Sample_PtNC_21Oct20_200_244.tif,038_HAADF_15nm_Sample_PtNC_21Oct20.tif,200,244,1,test
047_HAADF_15nm_Sample_PtNC_21Oct20_57_229.tif,047_HAADF_15nm_Sample_PtNC_21Oct20.tif,57,229,1,test
051_HAADF_15nm_Sample_PtNC_21Oct20_147_41.tif,051_HAADF_15nm_Sample_PtNC_21Oct20.tif,147,41,1,test
037_HAADF_15nm_Sample_PtNC_20Oct20_20_456.tif,037_HAADF_15nm_Sample_PtNC_20Oct20.tif,20,456,1,test
038_HAADF_15nm_Sample_PtNC_21Oct20_374_332.tif,038_HAADF_15nm_Sample_PtNC_21Oct20.tif,374,332,1,test
047_HAADF_15nm_Sample_PtNC_21Oct20_61_457.tif,047_HAADF_15nm_Sample_PtNC_21Oct20.tif,61,457,1,test
045_HAADF_15nm_Sample_PtNC_20Oct20_257_398.tif,045_HAADF_15nm_Sample_PtNC_20Oct20.tif,257,398,1,test
027_HAADF_15nm_Sample_PtNC_21Oct20_367_203.tif,027_HAADF_15nm_Sample_PtNC_21Oct20.tif,367,203,1,test
037_HAADF_15nm_Sample_PtNC_20Oct20_145_172.tif,037_HAADF_15nm_Sample_PtNC_20Oct20.tif,145,172,1,test
051_HAADF_15nm_Sample_PtNC_21Oct20_161_257.tif,051_HAADF_15nm_Sample_PtNC_21Oct20.tif,161,257,1,test
047_HAADF_15nm_Sample_PtNC_21Oct20_122_393.tif,047_HAADF_15nm_Sample_PtNC_21Oct20.tif,122,393,0,test
021_HAADF_15nm_Sample_PtNC_21Oct20_326_322.tif,021_HAADF_15nm_Sample_PtNC_21Oct20.tif,326,322,0,test
045_HAADF_15nm_Sample_PtNC_20Oct20_152_502.tif,045_HAADF_15nm_Sample_PtNC_20Oct20.tif,152,502,0,test
037_HAADF_15nm_Sample_PtNC_20Oct20_193_329.tif,037_HAADF_15nm_Sample_PtNC_20Oct20.tif,193,329,0,test
049_HAADF_15nm_Sample_PtNC_20Oct20_278_88.tif,049_HAADF_15nm_Sample_PtNC_20Oct20.tif,278,88,0,test
038_HAADF_15nm_Sample_PtNC_21Oct20_312_427.tif,038_HAADF_15nm_Sample_PtNC_21Oct20.tif,312,427,0,test
051_HAADF_15nm_Sample_PtNC_21Oct20_98_419.tif,051_HAADF_15nm_Sample_PtNC_21Oct20.tif,98,419,0,test
034_HAADF_15nm_Sample_PtNC_20Oct20_398_225.tif,034_HAADF_15nm_Sample_PtNC_20Oct20.tif,398,225,0,test
051_HAADF_15nm_Sample_PtNC_21Oct20_144_390.tif,051_HAADF_15nm_Sample_PtNC_21Oct20.tif,144,390,0,test
051_HAADF_15nm_Sample_PtNC_21Oct20_463_263.tif,051_HAADF_15nm_Sample_PtNC_21Oct20.tif,463,263,0,test
047_HAADF_15nm_Sample_PtNC_21Oct20_244_229.tif,047_HAADF_15nm_Sample_PtNC_21Oct20.tif,244,229,0,test
051_HAADF_15nm_Sample_PtNC_21Oct20_470_437.tif,051_HAADF_15nm_Sample_PtNC_21Oct20.tif,470,437,0,test
048_HAADF_15nm_Sample_PtNC_21Oct20_484_59.tif,048_HAADF_15nm_Sample_PtNC_21Oct20.tif,484,59,0,test
034_HAADF_15nm_Sample_PtNC_20Oct20_130_399.tif,034_HAADF_15nm_Sample_PtNC_20Oct20.tif,130,399,0,test
027_HAADF_15nm_Sample_PtNC_21Oct20_274_495.tif,027_HAADF_15nm_Sample_PtNC_21Oct20.tif,274,495,0,test
037_HAADF_15nm_Sample_PtNC_20Oct20_410_393.tif,037_HAADF_15nm_Sample_PtNC_20Oct20.tif,410,393,0,test
021_HAADF_15nm_Sample_PtNC_21Oct20_103_303.tif,021_HAADF_15nm_Sample_PtNC_21Oct20.tif,103,303,0,test
045_HAADF_15nm_Sample_PtNC_20Oct20_119_181.tif,045_HAADF_15nm_Sample_PtNC_20Oct20.tif,119,181,0,test
025_HAADF_15nm_Sample_PtNC_21Oct20_217_438.tif,025_HAADF_15nm_Sample_PtNC_21Oct20.tif,217,438,0,test
051_HAADF_15nm_Sample_PtNC_21Oct20_182_139.tif,051_HAADF_15nm_Sample_PtNC_21Oct20.tif,182,139,0,test
047_HAADF_15nm_Sample_PtNC_21Oct20_94_250.tif,047_HAADF_15nm_Sample_PtNC_21Oct20.tif,94,250,0,test
037_HAADF_15nm_Sample_PtNC_20Oct20_208_33.tif,037_HAADF_15nm_Sample_PtNC_20Oct20.tif,208,33,0,test
038_HAADF_15nm_Sample_PtNC_21Oct20_213_375.tif,038_HAADF_15nm_Sample_PtNC_21Oct20.tif,213,375,0,test
049_HAADF_15nm_Sample_PtNC_20Oct20_218_485.tif,049_HAADF_15nm_Sample_PtNC_20Oct20.tif,218,485,0,test
051_HAADF_15nm_Sample_PtNC_21Oct20_258_210.tif,051_HAADF_15nm_Sample_PtNC_21Oct20.tif,258,210,0,test
025_HAADF_15nm_Sample_PtNC_21Oct20_456_125.tif,025_HAADF_15nm_Sample_PtNC_21Oct20.tif,456,125,0,test
034_HAADF_15nm_Sample_PtNC_20Oct20_465_201.tif,034_HAADF_15nm_Sample_PtNC_20Oct20.tif,465,201,0,test
037_HAADF_15nm_Sample_PtNC_20Oct20_505_158.tif,037_HAADF_15nm_Sample_PtNC_20Oct20.tif,505,158,0,test
021_HAADF_15nm_Sample_PtNC_21Oct20_503_245.tif,021_HAADF_15nm_Sample_PtNC_21Oct20.tif,503,245,0,test
021_HAADF_15nm_Sample_PtNC_21Oct20_338_340.tif,021_HAADF_15nm_Sample_PtNC_21Oct20.tif,338,340,0,test
037_HAADF_15nm_Sample_PtNC_20Oct20_66_324.tif,037_HAADF_15nm_Sample_PtNC_20Oct20.tif,66,324,0,test
045_HAADF_15nm_Sample_PtNC_20Oct20_195_263.tif,045_HAADF_15nm_Sample_PtNC_20Oct20.tif,195,263,0,test
047_HAADF_15nm_Sample_PtNC_21Oct20_233_166.tif,047_HAADF_15nm_Sample_PtNC_21Oct20.tif,233,166,0,test
047_HAADF_15nm_Sample_PtNC_21Oct20_476_220.tif,047_HAADF_15nm_Sample_PtNC_21Oct20.tif,476,220,0,test
051_HAADF_15nm_Sample_PtNC_21Oct20_209_316.tif,051_HAADF_15nm_Sample_PtNC_21Oct20.tif,209,316,0,test
037_HAADF_15nm_Sample_PtNC_20Oct20_376_191.tif,037_HAADF_15nm_Sample_PtNC_20Oct20.tif,376,191,0,test
047_HAADF_15nm_Sample_PtNC_21Oct20_124_257.tif,047_HAADF_15nm_Sample_PtNC_21Oct20.tif,124,257,0,test
034_HAADF_15nm_Sample_PtNC_20Oct20_248_411.tif,034_HAADF_15nm_Sample_PtNC_20Oct20.tif,248,411,0,test
037_HAADF_15nm_Sample_PtNC_20Oct20_28_309.tif,037_HAADF_15nm_Sample_PtNC_20Oct20.tif,28,309,0,test
048_HAADF_15nm_Sample_PtNC_21Oct20_459_225.tif,048_HAADF_15nm_Sample_PtNC_21Oct20.tif,459,225,0,test
051_HAADF_15nm_Sample_PtNC_21Oct20_80_293.tif,051_HAADF_15nm_Sample_PtNC_21Oct20.tif,80,293,0,test
051_HAADF_15nm_Sample_PtNC_21Oct20_416_129.tif,051_HAADF_15nm_Sample_PtNC_21Oct20.tif,416,129,0,test
045_HAADF_15nm_Sample_PtNC_20Oct20_177_350.tif,045_HAADF_15nm_Sample_PtNC_20Oct20.tif,177,350,0,test
027_HAADF_15nm_Sample_PtNC_21Oct20_195_294.tif,027_HAADF_15nm_Sample_PtNC_21Oct20.tif,195,294,0,test
021_HAADF_15nm_Sample_PtNC_21Oct20_384_446.tif,021_HAADF_15nm_Sample_PtNC_21Oct20.tif,384,446,0,test
027_HAADF_15nm_Sample_PtNC_21Oct20_450_205.tif,027_HAADF_15nm_Sample_PtNC_21Oct20.tif,450,205,0,test
051_HAADF_15nm_Sample_PtNC_21Oct20_456_190.tif,051_HAADF_15nm_Sample_PtNC_21Oct20.tif,456,190,0,test
027_HAADF_15nm_Sample_PtNC_21Oct20_298_142.tif,027_HAADF_15nm_Sample_PtNC_21Oct20.tif,298,142,0,test
048_HAADF_15nm_Sample_PtNC_21Oct20_187_304.tif,048_HAADF_15nm_Sample_PtNC_21Oct20.tif,187,304,0,test
